presc_no,Territory
PRESC1,Territory A
PRESC2,Territory B
PRESC3,Territory C
PRESC4,Territory D
PRESC5,Territory E
PRESC6,Territory F
PRESC7,Territory G
PRESC8,Territory H
PRESC9,Territory I
PRESC10,Territory J
PRESC11,Territory K
PRESC12,Territory L
PRESC13,Territory M
PRESC14,Territory N
PRESC15,Territory O
PRESC16,Territory P
PRESC17,Territory Q
PRESC18,Territory R
PRESC19,Territory S
PRESC20,Territory T
PRESC21,Territory A
PRESC22,Territory B
PRESC23,Territory C
PRESC24,Territory D
PRESC25,Territory E
PRESC26,Territory F
PRESC27,Territory G
PRESC28,Territory H
PRESC29,Territory I
PRESC30,Territory A
PRESC31,Territory B
PRESC32,Territory C
PRESC33,Territory D
PRESC34,Territory E
PRESC35,Territory F
PRESC36,Territory G
PRESC37,Territory H
PRESC38,Territory I
PRESC39,Territory J
PRESC40,Territory K
PRESC41,Territory L
PRESC42,Territory M
PRESC43,Territory N
PRESC44,Territory O
PRESC45,Territory P
PRESC46,Territory Q
PRESC47,Territory R
PRESC48,Territory S
PRESC49,Territory T
PRESC50,Territory A
PRESC51,Territory B
PRESC52,Territory C
PRESC53,Territory D
PRESC54,Territory E
PRESC55,Territory F
PRESC56,Territory G
PRESC57,Territory H
PRESC58,Territory I
PRESC59,Territory J
PRESC60,Territory K
PRESC61,Territory L
PRESC62,Territory M
PRESC63,Territory N
PRESC64,Territory O
PRESC65,Territory P
PRESC66,Territory Q
PRESC67,Territory R
PRESC68,Territory S
PRESC69,Territory T
PRESC70,Territory A
PRESC71,Territory B
PRESC72,Territory C
PRESC73,Territory D
PRESC74,Territory E
PRESC75,Territory F
PRESC76,Territory G
PRESC77,Territory H
PRESC78,Territory I
PRESC79,Territory J
PRESC80,Territory K
PRESC81,Territory L
PRESC82,Territory M
PRESC83,Territory N
PRESC84,Territory O
PRESC85,Territory P
PRESC86,Territory Q
PRESC87,Territory R
PRESC88,Territory S
PRESC89,Territory T
PRESC90,Territory A
PRESC91,Territory B
PRESC92,Territory C
PRESC93,Territory D
PRESC94,Territory E
PRESC95,Territory F
PRESC96,Territory G
PRESC97,Territory H
PRESC98,Territory I
PRESC99,Territory A
PRESC100,Territory B
PRESC101,Territory C
PRESC102,Territory D
PRESC103,Territory E
PRESC104,Territory F
PRESC105,Territory G
PRESC106,Territory H
PRESC107,Territory I
PRESC108,Territory J
PRESC109,Territory K
PRESC110,Territory L
PRESC111,Territory M
PRESC112,Territory N
PRESC113,Territory O
PRESC114,Territory P
PRESC115,Territory Q
PRESC116,Territory R
PRESC117,Territory S
PRESC118,Territory T
PRESC119,Territory A
PRESC120,Territory B
PRESC121,Territory C
PRESC122,Territory D
PRESC123,Territory E
PRESC124,Territory F
PRESC125,Territory G
PRESC126,Territory H
PRESC127,Territory I
PRESC128,Territory J
PRESC129,Territory K
PRESC130,Territory L
PRESC131,Territory M
PRESC132,Territory N
PRESC133,Territory O
PRESC134,Territory P
PRESC135,Territory Q
PRESC136,Territory R
PRESC137,Territory S
PRESC138,Territory T
PRESC139,Territory A
PRESC140,Territory B
PRESC141,Territory C
PRESC142,Territory D
PRESC143,Territory E
PRESC144,Territory F
PRESC145,Territory G
PRESC146,Territory H
PRESC147,Territory I
PRESC148,Territory J
PRESC149,Territory K
PRESC150,Territory L
PRESC151,Territory M
PRESC152,Territory N
PRESC153,Territory O
PRESC154,Territory P
PRESC155,Territory Q
PRESC156,Territory R
PRESC157,Territory S
PRESC158,Territory T
PRESC159,Territory A
PRESC160,Territory B
PRESC161,Territory C
PRESC162,Territory D
PRESC163,Territory E
PRESC164,Territory F
PRESC165,Territory G
PRESC166,Territory H
PRESC167,Territory I
PRESC168,Territory A
PRESC169,Territory B
PRESC170,Territory C
PRESC171,Territory D
PRESC172,Territory E
PRESC173,Territory F
PRESC174,Territory G
PRESC175,Territory H
PRESC176,Territory I
PRESC177,Territory J
PRESC178,Territory K
PRESC179,Territory L
PRESC180,Territory M
PRESC181,Territory N
PRESC182,Territory O
PRESC183,Territory P
PRESC184,Territory Q
PRESC185,Territory R
PRESC186,Territory S
PRESC187,Territory T
PRESC188,Territory A
PRESC189,Territory B
PRESC190,Territory C
PRESC191,Territory D
PRESC192,Territory E
PRESC193,Territory F
PRESC194,Territory G
PRESC195,Territory H
PRESC196,Territory I
PRESC197,Territory J
PRESC198,Territory K
PRESC199,Territory L
PRESC200,Territory M
PRESC201,Territory N
PRESC202,Territory O
PRESC203,Territory P
PRESC204,Territory Q
PRESC205,Territory R
PRESC206,Territory S
PRESC207,Territory T
PRESC208,Territory A
PRESC209,Territory B
PRESC210,Territory C
PRESC211,Territory D
PRESC212,Territory E
PRESC213,Territory F
PRESC214,Territory G
PRESC215,Territory H
PRESC216,Territory I
PRESC217,Territory J
PRESC218,Territory K
PRESC219,Territory L
PRESC220,Territory M
PRESC221,Territory N
PRESC222,Territory O
PRESC223,Territory P
PRESC224,Territory Q
PRESC225,Territory R
PRESC226,Territory S
PRESC227,Territory T
PRESC228,Territory A
PRESC229,Territory B
PRESC230,Territory C
PRESC231,Territory D
PRESC232,Territory E
PRESC233,Territory F
PRESC234,Territory G
PRESC235,Territory H
PRESC236,Territory I
PRESC237,Territory A
PRESC238,Territory B
PRESC239,Territory C
PRESC240,Territory D
PRESC241,Territory E
PRESC242,Territory F
PRESC243,Territory G
PRESC244,Territory H
PRESC245,Territory I
PRESC246,Territory J
PRESC247,Territory K
PRESC248,Territory L
PRESC249,Territory M
PRESC250,Territory N
PRESC251,Territory O
PRESC252,Territory P
PRESC253,Territory Q
PRESC254,Territory R
PRESC255,Territory S
PRESC256,Territory T
PRESC257,Territory A
PRESC258,Territory B
PRESC259,Territory C
PRESC260,Territory D
PRESC261,Territory E
PRESC262,Territory F
PRESC263,Territory G
PRESC264,Territory H
PRESC265,Territory I
PRESC266,Territory J
PRESC267,Territory K
PRESC268,Territory L
PRESC269,Territory M
PRESC270,Territory N
PRESC271,Territory O
PRESC272,Territory P
PRESC273,Territory Q
PRESC274,Territory R
PRESC275,Territory S
PRESC276,Territory T
PRESC277,Territory B
PRESC278,Territory C
PRESC279,Territory A
PRESC280,Territory B
PRESC281,Territory C
PRESC282,Territory A
PRESC283,Territory B
PRESC284,Territory C
PRESC285,Territory A
PRESC286,Territory B
PRESC287,Territory C
PRESC288,Territory B
PRESC289,Territory C
PRESC290,Territory A
PRESC291,Territory B
PRESC292,Territory C
PRESC293,Territory A
PRESC294,Territory B
PRESC295,Territory C
PRESC296,Territory A
PRESC297,Territory B
PRESC298,Territory C
PRESC299,Territory A
PRESC300,Territory B
PRESC301,Territory C
PRESC302,Territory A
PRESC303,Territory B
PRESC304,Territory C
PRESC305,Territory A
PRESC306,Territory B
PRESC307,Territory C
PRESC308,Territory A
PRESC309,Territory B
PRESC310,Territory A
PRESC311,Territory B
PRESC312,Territory C
PRESC313,Territory D
PRESC314,Territory E
PRESC315,Territory F
PRESC316,Territory G
PRESC317,Territory H
PRESC318,Territory I
PRESC319,Territory J
PRESC320,Territory K
PRESC321,Territory L
PRESC322,Territory M
PRESC323,Territory N
PRESC324,Territory O
PRESC325,Territory P
PRESC326,Territory Q
PRESC327,Territory R
PRESC328,Territory S
PRESC329,Territory T
PRESC330,Territory A
PRESC331,Territory B
PRESC332,Territory C
PRESC333,Territory D
PRESC334,Territory E
PRESC335,Territory F
PRESC336,Territory G
PRESC337,Territory H
PRESC338,Territory I
PRESC339,Territory A
PRESC340,Territory B
PRESC341,Territory C
PRESC342,Territory D
PRESC343,Territory E
PRESC344,Territory F
PRESC345,Territory G
PRESC346,Territory H
PRESC347,Territory I
PRESC348,Territory J
PRESC349,Territory K
PRESC350,Territory L
PRESC351,Territory M
PRESC352,Territory N
PRESC353,Territory O
PRESC354,Territory P
PRESC355,Territory Q
PRESC356,Territory R
PRESC357,Territory S
PRESC358,Territory T
PRESC359,Territory A
PRESC360,Territory B
PRESC361,Territory C
PRESC362,Territory D
PRESC363,Territory E
PRESC364,Territory F
PRESC365,Territory G
PRESC366,Territory H
PRESC367,Territory I
PRESC368,Territory J
PRESC369,Territory K
PRESC370,Territory L
PRESC371,Territory M
PRESC372,Territory N
PRESC373,Territory O
PRESC374,Territory P
PRESC375,Territory Q
PRESC376,Territory R
PRESC377,Territory S
PRESC378,Territory T
PRESC379,Territory C
PRESC380,Territory A
PRESC381,Territory B
PRESC382,Territory C
PRESC383,Territory A
PRESC384,Territory B
PRESC385,Territory C
PRESC386,Territory A
PRESC387,Territory B
PRESC388,Territory C
PRESC389,Territory A
PRESC390,Territory B
PRESC391,Territory C
PRESC392,Territory A
PRESC393,Territory B
PRESC394,Territory C
PRESC395,Territory A
PRESC396,Territory B
PRESC397,Territory C
PRESC398,Territory A
PRESC399,Territory B
PRESC400,Territory C
PRESC401,Territory A
PRESC402,Territory B
PRESC403,Territory C
PRESC404,Territory A
PRESC405,Territory B
PRESC406,Territory C
PRESC407,Territory A
PRESC408,Territory B
PRESC409,Territory C
PRESC410,Territory A
PRESC411,Territory B
PRESC412,Territory C
PRESC413,Territory A
PRESC414,Territory B
PRESC415,Territory C
PRESC416,Territory A
PRESC417,Territory B
PRESC418,Territory C
PRESC419,Territory A
PRESC420,Territory B
PRESC421,Territory C
PRESC422,Territory D
PRESC423,Territory E
PRESC424,Territory F
PRESC425,Territory G
PRESC426,Territory H
PRESC427,Territory I
PRESC428,Territory J
PRESC429,Territory K
PRESC430,Territory L
PRESC431,Territory M
PRESC432,Territory N
PRESC433,Territory O
PRESC434,Territory P
PRESC435,Territory Q
PRESC436,Territory R
PRESC437,Territory S
PRESC438,Territory T
PRESC439,Territory A
PRESC440,Territory B
PRESC441,Territory C
PRESC442,Territory D
PRESC443,Territory E
PRESC444,Territory F
PRESC445,Territory G
PRESC446,Territory H
PRESC447,Territory I
PRESC448,Territory A
PRESC449,Territory B
PRESC450,Territory C
PRESC451,Territory D
PRESC452,Territory E
PRESC453,Territory F
PRESC454,Territory G
PRESC455,Territory H
PRESC456,Territory I
PRESC457,Territory J
PRESC458,Territory K
PRESC459,Territory L
PRESC460,Territory M
PRESC461,Territory N
PRESC462,Territory O
PRESC463,Territory P
PRESC464,Territory Q
PRESC465,Territory R
PRESC466,Territory S
PRESC467,Territory T
PRESC468,Territory A
PRESC469,Territory B
PRESC470,Territory C
PRESC471,Territory D
PRESC472,Territory E
PRESC473,Territory F
PRESC474,Territory G
PRESC475,Territory H
PRESC476,Territory I
PRESC477,Territory J
PRESC478,Territory K
PRESC479,Territory L
PRESC480,Territory M
PRESC481,Territory N
PRESC482,Territory O
PRESC483,Territory P
PRESC484,Territory Q
PRESC485,Territory R
PRESC486,Territory S
PRESC487,Territory T
PRESC488,Territory B
PRESC489,Territory C
PRESC490,Territory A
PRESC491,Territory B
PRESC492,Territory C
PRESC493,Territory A
PRESC494,Territory B
PRESC495,Territory C
PRESC496,Territory A
PRESC497,Territory B
PRESC498,Territory C
PRESC499,Territory A
PRESC500,Territory B
PRESC501,Territory C
PRESC502,Territory A
PRESC503,Territory B
PRESC504,Territory C
PRESC505,Territory A
PRESC506,Territory B
PRESC507,Territory C
PRESC508,Territory A
PRESC509,Territory B
PRESC510,Territory C
PRESC511,Territory A
PRESC512,Territory B
PRESC513,Territory C
PRESC514,Territory A
PRESC515,Territory B
PRESC516,Territory C
PRESC517,Territory A
PRESC518,Territory A
PRESC519,Territory B
PRESC520,Territory C
PRESC521,Territory D
PRESC522,Territory E
PRESC523,Territory F
PRESC524,Territory G
PRESC525,Territory H
PRESC526,Territory I
PRESC527,Territory J
PRESC528,Territory K
PRESC529,Territory L
PRESC530,Territory M
PRESC531,Territory N
PRESC532,Territory O
PRESC533,Territory P
PRESC534,Territory Q
PRESC535,Territory R
PRESC536,Territory S
PRESC537,Territory T
PRESC538,Territory A
PRESC539,Territory B
PRESC540,Territory C
PRESC541,Territory D
PRESC542,Territory E
PRESC543,Territory F
PRESC544,Territory G
PRESC545,Territory H
PRESC546,Territory I
PRESC547,Territory A
PRESC548,Territory B
PRESC549,Territory C
PRESC550,Territory D
PRESC551,Territory E
PRESC552,Territory F
PRESC553,Territory G
PRESC554,Territory H
PRESC555,Territory I
PRESC556,Territory J
PRESC557,Territory K
PRESC558,Territory L
PRESC559,Territory M
PRESC560,Territory N
PRESC561,Territory O
PRESC562,Territory P
PRESC563,Territory Q
PRESC564,Territory R
PRESC565,Territory S
PRESC566,Territory T
PRESC567,Territory A
PRESC568,Territory B
PRESC569,Territory C
PRESC570,Territory D
PRESC571,Territory E
PRESC572,Territory F
PRESC573,Territory G
PRESC574,Territory H
PRESC575,Territory I
PRESC576,Territory J
PRESC577,Territory K
PRESC578,Territory L
PRESC579,Territory M
PRESC580,Territory N
PRESC581,Territory O
PRESC582,Territory P
PRESC583,Territory Q
PRESC584,Territory R
PRESC585,Territory S
PRESC586,Territory T
PRESC587,Territory B
PRESC588,Territory C
PRESC589,Territory A
PRESC590,Territory B
PRESC591,Territory C
PRESC592,Territory A
PRESC593,Territory B
PRESC594,Territory C
PRESC595,Territory A
PRESC596,Territory B
PRESC597,Territory C
PRESC598,Territory A
PRESC599,Territory B
PRESC600,Territory C
PRESC601,Territory A
PRESC602,Territory B
PRESC603,Territory C
PRESC604,Territory A
PRESC605,Territory B
PRESC606,Territory C
PRESC607,Territory A
PRESC608,Territory B
PRESC609,Territory C
PRESC610,Territory A
PRESC611,Territory B
PRESC612,Territory C
PRESC613,Territory A
PRESC614,Territory B
PRESC615,Territory C
PRESC616,Territory A
PRESC617,Territory B
PRESC618,Territory C
PRESC619,Territory A
PRESC620,Territory B
PRESC621,Territory C
PRESC622,Territory A
PRESC623,Territory B
PRESC624,Territory C
PRESC625,Territory D
PRESC626,Territory E
PRESC627,Territory F
PRESC628,Territory G
PRESC629,Territory H
PRESC630,Territory I
PRESC631,Territory J
PRESC632,Territory K
PRESC633,Territory L
PRESC634,Territory M
PRESC635,Territory N
PRESC636,Territory O
PRESC637,Territory P
PRESC638,Territory Q
PRESC639,Territory R
PRESC640,Territory S
PRESC641,Territory A
PRESC642,Territory B
PRESC643,Territory C
PRESC644,Territory D
PRESC645,Territory E
PRESC646,Territory F
PRESC647,Territory G
PRESC648,Territory H
PRESC649,Territory I
PRESC650,Territory J
PRESC651,Territory K
PRESC652,Territory L
PRESC653,Territory M
PRESC654,Territory N
PRESC655,Territory O
PRESC656,Territory P
PRESC657,Territory Q
PRESC658,Territory R
PRESC659,Territory S
PRESC660,Territory T
PRESC661,Territory A
PRESC662,Territory B
PRESC663,Territory C
PRESC664,Territory D
PRESC665,Territory E
PRESC666,Territory F
PRESC667,Territory G
PRESC668,Territory H
PRESC669,Territory I
PRESC670,Territory A
PRESC671,Territory B
PRESC672,Territory C
PRESC673,Territory D
PRESC674,Territory E
PRESC675,Territory F
PRESC676,Territory G
PRESC677,Territory H
PRESC678,Territory I
PRESC679,Territory J
PRESC680,Territory K
PRESC681,Territory L
PRESC682,Territory M
PRESC683,Territory N
PRESC684,Territory O
PRESC685,Territory P
PRESC686,Territory Q
PRESC687,Territory R
PRESC688,Territory S
PRESC689,Territory T
PRESC690,Territory A
PRESC691,Territory B
PRESC692,Territory C
PRESC693,Territory D
PRESC694,Territory E
PRESC695,Territory F
PRESC696,Territory G
PRESC697,Territory H
PRESC698,Territory I
PRESC699,Territory J
PRESC700,Territory K
PRESC701,Territory L
PRESC702,Territory M
PRESC703,Territory N
PRESC704,Territory O
PRESC705,Territory P
PRESC706,Territory Q
PRESC707,Territory R
PRESC708,Territory S
PRESC709,Territory T
PRESC710,Territory C
PRESC711,Territory A
PRESC712,Territory B
PRESC713,Territory C
PRESC714,Territory A
PRESC715,Territory B
PRESC716,Territory C
PRESC717,Territory A
PRESC718,Territory B
PRESC719,Territory C
PRESC720,Territory A
PRESC721,Territory B
PRESC722,Territory C
PRESC723,Territory A
PRESC724,Territory B
PRESC725,Territory C
PRESC726,Territory A
PRESC727,Territory B
PRESC728,Territory C
PRESC729,Territory A
PRESC730,Territory B
PRESC731,Territory C
PRESC732,Territory A
PRESC733,Territory B
PRESC734,Territory C
PRESC735,Territory D
PRESC736,Territory E
PRESC737,Territory F
PRESC738,Territory G
PRESC739,Territory H
PRESC740,Territory I
PRESC741,Territory J
PRESC742,Territory K
PRESC743,Territory L
PRESC744,Territory M
PRESC745,Territory N
PRESC746,Territory O
PRESC747,Territory P
PRESC748,Territory Q
PRESC749,Territory R
PRESC750,Territory S
PRESC751,Territory T
PRESC752,Territory A
PRESC753,Territory B
PRESC754,Territory C
PRESC755,Territory D
PRESC756,Territory E
PRESC757,Territory F
PRESC758,Territory G
PRESC759,Territory H
PRESC760,Territory I
PRESC761,Territory A
PRESC762,Territory B
PRESC763,Territory C
PRESC764,Territory D
PRESC765,Territory E
PRESC766,Territory F
PRESC767,Territory G
PRESC768,Territory H
PRESC769,Territory I
PRESC770,Territory J
PRESC771,Territory K
PRESC772,Territory L
PRESC773,Territory M
PRESC774,Territory N
PRESC775,Territory O
PRESC776,Territory P
PRESC777,Territory Q
PRESC778,Territory R
PRESC779,Territory S
PRESC780,Territory T
PRESC781,Territory A
PRESC782,Territory B
PRESC783,Territory C
PRESC784,Territory D
PRESC785,Territory E
PRESC786,Territory F
PRESC787,Territory G
PRESC788,Territory H
PRESC789,Territory I
PRESC790,Territory J
PRESC791,Territory K
PRESC792,Territory L
PRESC793,Territory M
PRESC794,Territory N
PRESC795,Territory O
PRESC796,Territory P
PRESC797,Territory Q
PRESC798,Territory R
PRESC799,Territory S
PRESC800,Territory T
PRESC801,Territory A
PRESC802,Territory B
PRESC803,Territory C
PRESC804,Territory A
PRESC805,Territory B
PRESC806,Territory C
PRESC807,Territory A
PRESC808,Territory B
PRESC809,Territory C
PRESC810,Territory A
PRESC811,Territory B
PRESC812,Territory C
PRESC813,Territory A
PRESC814,Territory B
PRESC815,Territory C
PRESC816,Territory D
PRESC817,Territory E
PRESC818,Territory F
PRESC819,Territory G
PRESC820,Territory H
PRESC821,Territory I
PRESC822,Territory J
PRESC823,Territory K
PRESC824,Territory L
PRESC825,Territory M
PRESC826,Territory N
PRESC827,Territory O
PRESC828,Territory P
PRESC829,Territory Q
PRESC830,Territory R
PRESC831,Territory S
PRESC832,Territory T
PRESC833,Territory A
PRESC834,Territory B
PRESC835,Territory C
PRESC836,Territory D
PRESC837,Territory E
PRESC838,Territory F
PRESC839,Territory G
PRESC840,Territory H
PRESC841,Territory I
PRESC842,Territory A
PRESC843,Territory B
PRESC844,Territory C
PRESC845,Territory D
PRESC846,Territory E
PRESC847,Territory F
PRESC848,Territory G
PRESC849,Territory H
PRESC850,Territory I
PRESC851,Territory J
PRESC852,Territory K
PRESC853,Territory L
PRESC854,Territory M
PRESC855,Territory N
PRESC856,Territory O
PRESC857,Territory P
PRESC858,Territory Q
PRESC859,Territory R
PRESC860,Territory S
PRESC861,Territory T
PRESC862,Territory A
PRESC863,Territory B
PRESC864,Territory C
PRESC865,Territory D
PRESC866,Territory E
PRESC867,Territory F
PRESC868,Territory G
PRESC869,Territory H
PRESC870,Territory I
PRESC871,Territory J
PRESC872,Territory K
PRESC873,Territory L
PRESC874,Territory M
PRESC875,Territory N
PRESC876,Territory O
PRESC877,Territory P
PRESC878,Territory Q
PRESC879,Territory R
PRESC880,Territory S
PRESC881,Territory T
PRESC882,Territory B
PRESC883,Territory C
PRESC884,Territory A
PRESC885,Territory B
PRESC886,Territory C
PRESC887,Territory A
PRESC888,Territory B
PRESC889,Territory C
PRESC890,Territory A
PRESC891,Territory B
PRESC892,Territory C
PRESC893,Territory A
PRESC894,Territory B
PRESC895,Territory C
PRESC896,Territory A
PRESC897,Territory B
PRESC898,Territory C
PRESC899,Territory A
PRESC900,Territory B
PRESC901,Territory C
PRESC902,Territory A
PRESC903,Territory B
PRESC904,Territory C
PRESC905,Territory A
PRESC906,Territory B
PRESC907,Territory C
PRESC908,Territory A
PRESC909,Territory B
PRESC910,Territory C
PRESC911,Territory A
PRESC912,Territory B
PRESC913,Territory C
PRESC914,Territory A
PRESC915,Territory B
PRESC916,Territory C
PRESC917,Territory A
PRESC918,Territory B
PRESC919,Territory C
PRESC920,Territory A
PRESC921,Territory B
PRESC922,Territory C
PRESC923,Territory A
PRESC924,Territory B
PRESC925,Territory C
PRESC926,Territory A
PRESC927,Territory B
PRESC928,Territory C
PRESC929,Territory A
PRESC930,Territory B
PRESC931,Territory C
PRESC932,Territory A
PRESC933,Territory B
PRESC934,Territory C
PRESC935,Territory A
PRESC936,Territory B
PRESC937,Territory C
PRESC938,Territory A
PRESC939,Territory B
PRESC940,Territory C
PRESC941,Territory D
PRESC942,Territory E
PRESC943,Territory F
PRESC944,Territory G
PRESC945,Territory H
PRESC946,Territory I
PRESC947,Territory J
PRESC948,Territory K
PRESC949,Territory L
PRESC950,Territory M
PRESC951,Territory N
PRESC952,Territory O
PRESC953,Territory P
PRESC954,Territory Q
PRESC955,Territory R
PRESC956,Territory S
PRESC957,Territory T
PRESC958,Territory A
PRESC959,Territory B
PRESC960,Territory C
PRESC961,Territory D
PRESC962,Territory E
PRESC963,Territory F
PRESC964,Territory G
PRESC965,Territory H
PRESC966,Territory I
PRESC967,Territory A
PRESC968,Territory B
PRESC969,Territory C
PRESC970,Territory D
PRESC971,Territory E
PRESC972,Territory F
PRESC973,Territory G
PRESC974,Territory H
PRESC975,Territory I
PRESC976,Territory J
PRESC977,Territory K
PRESC978,Territory L
PRESC979,Territory M
PRESC980,Territory N
PRESC981,Territory O
PRESC982,Territory P
PRESC983,Territory Q
PRESC984,Territory R
PRESC985,Territory S
PRESC986,Territory T
PRESC987,Territory A
PRESC988,Territory B
PRESC989,Territory C
PRESC990,Territory D
PRESC991,Territory E
PRESC992,Territory F
PRESC993,Territory G
PRESC994,Territory H
PRESC995,Territory I
PRESC996,Territory J
PRESC997,Territory K
PRESC998,Territory L
PRESC999,Territory M
PRESC1000,Territory N
PRESC1001,Territory O
PRESC1002,Territory P
PRESC1003,Territory Q
PRESC1004,Territory R
PRESC1005,Territory S
PRESC1006,Territory T
PRESC1007,Territory A
PRESC1008,Territory B
PRESC1009,Territory C
PRESC1010,Territory A
PRESC1011,Territory B
PRESC1012,Territory C
PRESC1013,Territory A
PRESC1014,Territory B
PRESC1015,Territory C
PRESC1016,Territory A
PRESC1017,Territory B
PRESC1018,Territory C
PRESC1019,Territory A
PRESC1020,Territory B
PRESC1021,Territory C
PRESC1022,Territory A
PRESC1023,Territory B
PRESC1024,Territory C
PRESC1025,Territory A
PRESC1026,Territory B
PRESC1027,Territory C
PRESC1028,Territory A
PRESC1029,Territory B
PRESC1030,Territory C
PRESC1031,Territory A
PRESC1032,Territory B
PRESC1033,Territory C
PRESC1034,Territory D
PRESC1035,Territory E
PRESC1036,Territory F
PRESC1037,Territory G
PRESC1038,Territory H
PRESC1039,Territory I
PRESC1040,Territory J
PRESC1041,Territory K
PRESC1042,Territory L
PRESC1043,Territory M
PRESC1044,Territory N
PRESC1045,Territory O
PRESC1046,Territory P
PRESC1047,Territory Q
PRESC1048,Territory R
PRESC1049,Territory S
PRESC1050,Territory T
PRESC1051,Territory A
PRESC1052,Territory B
PRESC1053,Territory C
PRESC1054,Territory D
PRESC1055,Territory E
PRESC1056,Territory F
PRESC1057,Territory G
PRESC1058,Territory H
PRESC1059,Territory I
PRESC1060,Territory A
PRESC1061,Territory B
PRESC1062,Territory C
PRESC1063,Territory D
PRESC1064,Territory E
PRESC1065,Territory F
PRESC1066,Territory G
PRESC1067,Territory H
PRESC1068,Territory I
PRESC1069,Territory J
PRESC1070,Territory K
PRESC1071,Territory L
PRESC1072,Territory M
PRESC1073,Territory N
PRESC1074,Territory O
PRESC1075,Territory P
PRESC1076,Territory Q
PRESC1077,Territory R
PRESC1078,Territory S
PRESC1079,Territory T
PRESC1080,Territory A
PRESC1081,Territory B
PRESC1082,Territory C
PRESC1083,Territory D
PRESC1084,Territory E
PRESC1085,Territory F
PRESC1086,Territory G
PRESC1087,Territory H
PRESC1088,Territory I
PRESC1089,Territory J
PRESC1090,Territory K
PRESC1091,Territory L
PRESC1092,Territory M
PRESC1093,Territory N
PRESC1094,Territory O
PRESC1095,Territory P
PRESC1096,Territory Q
PRESC1097,Territory R
PRESC1098,Territory S
PRESC1099,Territory T
PRESC1100,Territory B
PRESC1101,Territory C
PRESC1102,Territory A
PRESC1103,Territory B
PRESC1104,Territory C
PRESC1105,Territory A
PRESC1106,Territory B
PRESC1107,Territory C
PRESC1108,Territory A
PRESC1109,Territory B
PRESC1110,Territory C
PRESC1111,Territory A
PRESC1112,Territory B
PRESC1113,Territory C
PRESC1114,Territory A
PRESC1115,Territory B
PRESC1116,Territory C
PRESC1117,Territory A
PRESC1118,Territory B
PRESC1119,Territory C
PRESC1120,Territory A
PRESC1121,Territory B
PRESC1122,Territory C
PRESC1123,Territory A
PRESC1124,Territory B
PRESC1125,Territory C
PRESC1126,Territory A
PRESC1127,Territory B
PRESC1128,Territory C
PRESC1129,Territory A
PRESC1130,Territory B
PRESC1131,Territory C
PRESC1132,Territory A
PRESC1133,Territory B
PRESC1134,Territory C
PRESC1135,Territory A
PRESC1136,Territory B
PRESC1137,Territory A
PRESC1138,Territory B
PRESC1139,Territory C
PRESC1140,Territory D
PRESC1141,Territory E
PRESC1142,Territory F
PRESC1143,Territory G
PRESC1144,Territory H
PRESC1145,Territory I
PRESC1146,Territory J
PRESC1147,Territory K
PRESC1148,Territory L
PRESC1149,Territory M
PRESC1150,Territory N
PRESC1151,Territory O
PRESC1152,Territory P
PRESC1153,Territory Q
PRESC1154,Territory R
PRESC1155,Territory S
PRESC1156,Territory T
PRESC1157,Territory A
PRESC1158,Territory B
PRESC1159,Territory C
PRESC1160,Territory D
PRESC1161,Territory E
PRESC1162,Territory F
PRESC1163,Territory G
PRESC1164,Territory H
PRESC1165,Territory I
PRESC1166,Territory A
PRESC1167,Territory B
PRESC1168,Territory C
PRESC1169,Territory D
PRESC1170,Territory E
PRESC1171,Territory F
PRESC1172,Territory G
PRESC1173,Territory H
PRESC1174,Territory I
PRESC1175,Territory J
PRESC1176,Territory K
PRESC1177,Territory L
PRESC1178,Territory M
PRESC1179,Territory N
PRESC1180,Territory O
PRESC1181,Territory P
PRESC1182,Territory Q
PRESC1183,Territory R
PRESC1184,Territory S
PRESC1185,Territory T
PRESC1186,Territory A
PRESC1187,Territory B
PRESC1188,Territory C
PRESC1189,Territory D
PRESC1190,Territory E
PRESC1191,Territory F
PRESC1192,Territory G
PRESC1193,Territory H
PRESC1194,Territory I
PRESC1195,Territory J
PRESC1196,Territory K
PRESC1197,Territory L
PRESC1198,Territory M
PRESC1199,Territory N
PRESC1200,Territory O
PRESC1201,Territory P
PRESC1202,Territory Q
PRESC1203,Territory R
PRESC1204,Territory S
PRESC1205,Territory T
PRESC1206,Territory C
PRESC1207,Territory A
PRESC1208,Territory B
PRESC1209,Territory C
PRESC1210,Territory A
PRESC1211,Territory B
PRESC1212,Territory C
PRESC1213,Territory A
PRESC1214,Territory B
PRESC1215,Territory C
PRESC1216,Territory A
PRESC1217,Territory B
PRESC1218,Territory C
PRESC1219,Territory A
PRESC1220,Territory B
PRESC1221,Territory C
PRESC1222,Territory A
PRESC1223,Territory B
PRESC1224,Territory C
PRESC1225,Territory A
PRESC1226,Territory B
PRESC1227,Territory C
PRESC1228,Territory A
PRESC1229,Territory B
PRESC1230,Territory C
PRESC1231,Territory A
PRESC1232,Territory B
PRESC1233,Territory C
PRESC1234,Territory A
PRESC1235,Territory B
PRESC1236,Territory C
PRESC1237,Territory A
PRESC1238,Territory B
PRESC1239,Territory C
PRESC1240,Territory A
PRESC1241,Territory B
PRESC1242,Territory C
PRESC1243,Territory B
PRESC1244,Territory C
PRESC1245,Territory A
PRESC1246,Territory B
PRESC1247,Territory C
PRESC1248,Territory A
PRESC1249,Territory B
PRESC1250,Territory C
PRESC1251,Territory A
PRESC1252,Territory B
PRESC1253,Territory C
PRESC1254,Territory A
PRESC1255,Territory B
PRESC1256,Territory C
PRESC1257,Territory A
PRESC1258,Territory B
PRESC1259,Territory C
PRESC1260,Territory A
PRESC1261,Territory B
PRESC1262,Territory C
PRESC1263,Territory A
PRESC1264,Territory B
PRESC1265,Territory C
PRESC1266,Territory A
PRESC1267,Territory B
PRESC1268,Territory C
PRESC1269,Territory A
PRESC1270,Territory B
PRESC1271,Territory C
PRESC1272,Territory A
PRESC1273,Territory B
PRESC1274,Territory C
PRESC1275,Territory A
PRESC1276,Territory B
PRESC1277,Territory C
PRESC1278,Territory A
PRESC1279,Territory B
PRESC1280,Territory C
PRESC1281,Territory A
PRESC1282,Territory B
PRESC1283,Territory C
PRESC1284,Territory A
PRESC1285,Territory B
PRESC1286,Territory C
PRESC1287,Territory A
PRESC1288,Territory B
PRESC1289,Territory C
PRESC1290,Territory A
PRESC1291,Territory B
PRESC1292,Territory C
PRESC1293,Territory A
PRESC1294,Territory B
PRESC1295,Territory C
PRESC1296,Territory A
PRESC1297,Territory B
PRESC1298,Territory C
PRESC1299,Territory A
PRESC1300,Territory B
PRESC1301,Territory C
PRESC1302,Territory A
PRESC1303,Territory A
PRESC1304,Territory B
PRESC1305,Territory C
PRESC1306,Territory D
PRESC1307,Territory E
PRESC1308,Territory F
PRESC1309,Territory G
PRESC1310,Territory H
PRESC1311,Territory I
PRESC1312,Territory J
PRESC1313,Territory K
PRESC1314,Territory L
PRESC1315,Territory M
PRESC1316,Territory N
PRESC1317,Territory O
PRESC1318,Territory P
PRESC1319,Territory Q
PRESC1320,Territory R
PRESC1321,Territory S
PRESC1322,Territory T
PRESC1323,Territory A
PRESC1324,Territory B
PRESC1325,Territory C
PRESC1326,Territory D
PRESC1327,Territory E
PRESC1328,Territory F
PRESC1329,Territory G
PRESC1330,Territory H
PRESC1331,Territory I
PRESC1332,Territory A
PRESC1333,Territory B
PRESC1334,Territory C
PRESC1335,Territory D
PRESC1336,Territory E
PRESC1337,Territory F
PRESC1338,Territory G
PRESC1339,Territory H
PRESC1340,Territory I
PRESC1341,Territory J
PRESC1342,Territory K
PRESC1343,Territory L
PRESC1344,Territory M
PRESC1345,Territory N
PRESC1346,Territory O
PRESC1347,Territory P
PRESC1348,Territory Q
PRESC1349,Territory R
PRESC1350,Territory S
PRESC1351,Territory T
PRESC1352,Territory A
PRESC1353,Territory B
PRESC1354,Territory C
PRESC1355,Territory D
PRESC1356,Territory E
PRESC1357,Territory F
PRESC1358,Territory G
PRESC1359,Territory H
PRESC1360,Territory I
PRESC1361,Territory J
PRESC1362,Territory K
PRESC1363,Territory L
PRESC1364,Territory M
PRESC1365,Territory N
PRESC1366,Territory O
PRESC1367,Territory P
PRESC1368,Territory Q
PRESC1369,Territory R
PRESC1370,Territory S
PRESC1371,Territory T
PRESC1372,Territory C
PRESC1373,Territory A
PRESC1374,Territory B
PRESC1375,Territory C
PRESC1376,Territory A
PRESC1377,Territory B
PRESC1378,Territory C
PRESC1379,Territory A
PRESC1380,Territory B
PRESC1381,Territory C
PRESC1382,Territory A
PRESC1383,Territory B
PRESC1384,Territory C
PRESC1385,Territory A
PRESC1386,Territory B
PRESC1387,Territory C
PRESC1388,Territory A
PRESC1389,Territory B
PRESC1390,Territory C
PRESC1391,Territory A
PRESC1392,Territory B
PRESC1393,Territory C
PRESC1394,Territory A
PRESC1395,Territory B
PRESC1396,Territory C
PRESC1397,Territory A
PRESC1398,Territory B
PRESC1399,Territory C
PRESC1400,Territory A
PRESC1401,Territory B
PRESC1402,Territory C
PRESC1403,Territory A
PRESC1404,Territory B
PRESC1405,Territory C
PRESC1406,Territory A
PRESC1407,Territory B
PRESC1408,Territory C
PRESC1409,Territory B
PRESC1410,Territory C
PRESC1411,Territory A
PRESC1412,Territory B
PRESC1413,Territory C
PRESC1414,Territory A
PRESC1415,Territory B
PRESC1416,Territory C
PRESC1417,Territory A
PRESC1418,Territory B
PRESC1419,Territory C
PRESC1420,Territory A
PRESC1421,Territory B
PRESC1422,Territory A
PRESC1423,Territory B
PRESC1424,Territory C
PRESC1425,Territory A
PRESC1426,Territory B
PRESC1427,Territory C
PRESC1428,Territory A
PRESC1429,Territory B
PRESC1430,Territory C
PRESC1431,Territory A
PRESC1432,Territory B
PRESC1433,Territory C
PRESC1434,Territory B
PRESC1435,Territory C
PRESC1436,Territory A
PRESC1437,Territory B
PRESC1438,Territory C
PRESC1439,Territory A
PRESC1440,Territory B
PRESC1441,Territory C
PRESC1442,Territory A
PRESC1443,Territory B
PRESC1444,Territory C
PRESC1445,Territory A
PRESC1446,Territory B
PRESC1447,Territory C
PRESC1448,Territory A
PRESC1449,Territory B
PRESC1450,Territory C
PRESC1451,Territory A
PRESC1452,Territory B
PRESC1453,Territory C
PRESC1454,Territory A
PRESC1455,Territory B
PRESC1456,Territory C
PRESC1457,Territory A
PRESC1458,Territory B
PRESC1459,Territory C
PRESC1460,Territory A
PRESC1461,Territory B
PRESC1462,Territory C
PRESC1463,Territory A
PRESC1464,Territory B
PRESC1465,Territory C
PRESC1466,Territory A
PRESC1467,Territory B
PRESC1468,Territory C
PRESC1469,Territory A
PRESC1470,Territory B
PRESC1471,Territory C
PRESC1472,Territory A
PRESC1473,Territory B
PRESC1474,Territory C
PRESC1475,Territory A
PRESC1476,Territory B
PRESC1477,Territory C
PRESC1478,Territory A
PRESC1479,Territory B
PRESC1480,Territory C
PRESC1481,Territory A
PRESC1482,Territory B
PRESC1483,Territory C
PRESC1484,Territory A
PRESC1485,Territory B
PRESC1486,Territory C
PRESC1487,Territory D
PRESC1488,Territory E
PRESC1489,Territory F
PRESC1490,Territory G
PRESC1491,Territory H
PRESC1492,Territory I
PRESC1493,Territory J
PRESC1494,Territory K
PRESC1495,Territory L
PRESC1496,Territory M
PRESC1497,Territory N
PRESC1498,Territory O
PRESC1499,Territory P
PRESC1500,Territory Q
PRESC1501,Territory R
PRESC1502,Territory S
PRESC1503,Territory T
PRESC1504,Territory A
PRESC1505,Territory B
PRESC1506,Territory C
PRESC1507,Territory D
PRESC1508,Territory E
PRESC1509,Territory F
PRESC1510,Territory G
PRESC1511,Territory H
PRESC1512,Territory I
PRESC1513,Territory A
PRESC1514,Territory B
PRESC1515,Territory C
PRESC1516,Territory D
PRESC1517,Territory E
PRESC1518,Territory F
PRESC1519,Territory G
PRESC1520,Territory H
PRESC1521,Territory I
PRESC1522,Territory J
PRESC1523,Territory K
PRESC1524,Territory L
PRESC1525,Territory M
PRESC1526,Territory N
PRESC1527,Territory O
PRESC1528,Territory P
PRESC1529,Territory Q
PRESC1530,Territory R
PRESC1531,Territory S
PRESC1532,Territory T
PRESC1533,Territory A
PRESC1534,Territory B
PRESC1535,Territory C
PRESC1536,Territory D
PRESC1537,Territory E
PRESC1538,Territory F
PRESC1539,Territory G
PRESC1540,Territory H
PRESC1541,Territory I
PRESC1542,Territory J
PRESC1543,Territory K
PRESC1544,Territory L
PRESC1545,Territory M
PRESC1546,Territory N
PRESC1547,Territory O
PRESC1548,Territory P
PRESC1549,Territory Q
PRESC1550,Territory R
PRESC1551,Territory S
PRESC1552,Territory T
PRESC1553,Territory C
PRESC1554,Territory A
PRESC1555,Territory B
PRESC1556,Territory C
PRESC1557,Territory A
PRESC1558,Territory B
PRESC1559,Territory C
PRESC1560,Territory A
PRESC1561,Territory B
PRESC1562,Territory C
PRESC1563,Territory A
PRESC1564,Territory B
PRESC1565,Territory C
PRESC1566,Territory A
PRESC1567,Territory B
PRESC1568,Territory C
PRESC1569,Territory A
PRESC1570,Territory B
PRESC1571,Territory C
PRESC1572,Territory A
PRESC1573,Territory B
PRESC1574,Territory C
PRESC1575,Territory A
PRESC1576,Territory B
PRESC1577,Territory C
PRESC1578,Territory A
PRESC1579,Territory B
PRESC1580,Territory C
PRESC1581,Territory A
PRESC1582,Territory B
PRESC1583,Territory C
PRESC1584,Territory A
PRESC1585,Territory B
PRESC1586,Territory C
PRESC1587,Territory A
PRESC1588,Territory B
PRESC1589,Territory C
PRESC1590,Territory B
PRESC1591,Territory C
PRESC1592,Territory A
PRESC1593,Territory B
PRESC1594,Territory C
PRESC1595,Territory A
PRESC1596,Territory B
PRESC1597,Territory C
PRESC1598,Territory A
PRESC1599,Territory B
PRESC1600,Territory C
PRESC1601,Territory A
PRESC1602,Territory B
PRESC1603,Territory C
PRESC1604,Territory A
PRESC1605,Territory B
PRESC1606,Territory C
PRESC1607,Territory A
PRESC1608,Territory B
PRESC1609,Territory C
PRESC1610,Territory A
PRESC1611,Territory B
PRESC1612,Territory C
PRESC1613,Territory A
PRESC1614,Territory B
PRESC1615,Territory C
PRESC1616,Territory A
PRESC1617,Territory B
PRESC1618,Territory C
PRESC1619,Territory A
PRESC1620,Territory B
PRESC1621,Territory C
PRESC1622,Territory A
PRESC1623,Territory B
PRESC1624,Territory A
PRESC1625,Territory B
PRESC1626,Territory C
PRESC1627,Territory D
PRESC1628,Territory E
PRESC1629,Territory F
PRESC1630,Territory G
PRESC1631,Territory H
PRESC1632,Territory I
PRESC1633,Territory J
PRESC1634,Territory K
PRESC1635,Territory L
PRESC1636,Territory M
PRESC1637,Territory N
PRESC1638,Territory O
PRESC1639,Territory P
PRESC1640,Territory Q
PRESC1641,Territory R
PRESC1642,Territory S
PRESC1643,Territory T
PRESC1644,Territory A
PRESC1645,Territory B
PRESC1646,Territory C
PRESC1647,Territory D
PRESC1648,Territory E
PRESC1649,Territory F
PRESC1650,Territory G
PRESC1651,Territory H
PRESC1652,Territory I
PRESC1653,Territory A
PRESC1654,Territory B
PRESC1655,Territory C
PRESC1656,Territory D
PRESC1657,Territory E
PRESC1658,Territory F
PRESC1659,Territory G
PRESC1660,Territory H
PRESC1661,Territory I
PRESC1662,Territory J
PRESC1663,Territory K
PRESC1664,Territory L
PRESC1665,Territory M
PRESC1666,Territory N
PRESC1667,Territory O
PRESC1668,Territory P
PRESC1669,Territory Q
PRESC1670,Territory R
PRESC1671,Territory S
PRESC1672,Territory T
PRESC1673,Territory A
PRESC1674,Territory B
PRESC1675,Territory C
PRESC1676,Territory D
PRESC1677,Territory E
PRESC1678,Territory F
PRESC1679,Territory G
PRESC1680,Territory H
PRESC1681,Territory I
PRESC1682,Territory J
PRESC1683,Territory K
PRESC1684,Territory L
PRESC1685,Territory M
PRESC1686,Territory N
PRESC1687,Territory O
PRESC1688,Territory P
PRESC1689,Territory Q
PRESC1690,Territory R
PRESC1691,Territory S
PRESC1692,Territory T
PRESC1693,Territory C
PRESC1694,Territory A
PRESC1695,Territory B
PRESC1696,Territory C
PRESC1697,Territory A
PRESC1698,Territory B
PRESC1699,Territory C
PRESC1700,Territory A
PRESC1701,Territory B
PRESC1702,Territory C
PRESC1703,Territory A
PRESC1704,Territory B
PRESC1705,Territory C
PRESC1706,Territory A
PRESC1707,Territory B
PRESC1708,Territory C
PRESC1709,Territory A
PRESC1710,Territory B
PRESC1711,Territory C
PRESC1712,Territory A
PRESC1713,Territory B
PRESC1714,Territory C
PRESC1715,Territory A
PRESC1716,Territory B
PRESC1717,Territory C
PRESC1718,Territory A
PRESC1719,Territory B
PRESC1720,Territory C
PRESC1721,Territory A
PRESC1722,Territory B
PRESC1723,Territory C
PRESC1724,Territory A
PRESC1725,Territory B
PRESC1726,Territory C
PRESC1727,Territory A
PRESC1728,Territory B
PRESC1729,Territory C
PRESC1730,Territory B
PRESC1731,Territory C
PRESC1732,Territory A
PRESC1733,Territory B
PRESC1734,Territory C
PRESC1735,Territory A
PRESC1736,Territory B
PRESC1737,Territory C
PRESC1738,Territory A
PRESC1739,Territory B
PRESC1740,Territory C
PRESC1741,Territory A
PRESC1742,Territory B
PRESC1743,Territory C
PRESC1744,Territory A
PRESC1745,Territory B
PRESC1746,Territory C
PRESC1747,Territory A
PRESC1748,Territory B
PRESC1749,Territory C
PRESC1750,Territory A
PRESC1751,Territory B
PRESC1752,Territory C
PRESC1753,Territory A
PRESC1754,Territory B
PRESC1755,Territory C
PRESC1756,Territory A
PRESC1757,Territory B
PRESC1758,Territory C
PRESC1759,Territory A
PRESC1760,Territory B
PRESC1761,Territory C
PRESC1762,Territory A
PRESC1763,Territory B
PRESC1764,Territory C
PRESC1765,Territory A
PRESC1766,Territory B
PRESC1767,Territory C
PRESC1768,Territory A
PRESC1769,Territory B
PRESC1770,Territory C
PRESC1771,Territory D
PRESC1772,Territory E
PRESC1773,Territory F
PRESC1774,Territory G
PRESC1775,Territory H
PRESC1776,Territory I
PRESC1777,Territory J
PRESC1778,Territory K
PRESC1779,Territory L
PRESC1780,Territory M
PRESC1781,Territory N
PRESC1782,Territory O
PRESC1783,Territory P
PRESC1784,Territory Q
PRESC1785,Territory R
PRESC1786,Territory S
PRESC1787,Territory T
PRESC1788,Territory A
PRESC1789,Territory B
PRESC1790,Territory C
PRESC1791,Territory D
PRESC1792,Territory E
PRESC1793,Territory F
PRESC1794,Territory G
PRESC1795,Territory H
PRESC1796,Territory I
PRESC1797,Territory A
PRESC1798,Territory B
PRESC1799,Territory C
PRESC1800,Territory D
PRESC1801,Territory E
PRESC1802,Territory F
PRESC1803,Territory G
PRESC1804,Territory H
PRESC1805,Territory I
PRESC1806,Territory J
PRESC1807,Territory K
PRESC1808,Territory L
PRESC1809,Territory M
PRESC1810,Territory N
PRESC1811,Territory O
PRESC1812,Territory P
PRESC1813,Territory Q
PRESC1814,Territory R
PRESC1815,Territory S
PRESC1816,Territory T
PRESC1817,Territory A
PRESC1818,Territory B
PRESC1819,Territory C
PRESC1820,Territory D
PRESC1821,Territory E
PRESC1822,Territory F
PRESC1823,Territory G
PRESC1824,Territory H
PRESC1825,Territory I
PRESC1826,Territory J
PRESC1827,Territory K
PRESC1828,Territory L
PRESC1829,Territory M
PRESC1830,Territory N
PRESC1831,Territory O
PRESC1832,Territory P
PRESC1833,Territory Q
PRESC1834,Territory R
PRESC1835,Territory S
PRESC1836,Territory T
PRESC1837,Territory C
PRESC1838,Territory A
PRESC1839,Territory B
PRESC1840,Territory C
PRESC1841,Territory A
PRESC1842,Territory B
PRESC1843,Territory C
PRESC1844,Territory A
PRESC1845,Territory B
PRESC1846,Territory C
PRESC1847,Territory A
PRESC1848,Territory B
PRESC1849,Territory C
PRESC1850,Territory A
PRESC1851,Territory B
PRESC1852,Territory C
PRESC1853,Territory A
PRESC1854,Territory B
PRESC1855,Territory C
PRESC1856,Territory A
PRESC1857,Territory B
PRESC1858,Territory C
PRESC1859,Territory A
PRESC1860,Territory B
PRESC1861,Territory C
PRESC1862,Territory A
PRESC1863,Territory B
PRESC1864,Territory C
PRESC1865,Territory A
PRESC1866,Territory B
PRESC1867,Territory C
PRESC1868,Territory A
PRESC1869,Territory B
PRESC1870,Territory C
PRESC1871,Territory A
PRESC1872,Territory B
PRESC1873,Territory C
PRESC1874,Territory B
PRESC1875,Territory C
PRESC1876,Territory A
PRESC1877,Territory B
PRESC1878,Territory C
PRESC1879,Territory A
PRESC1880,Territory B
PRESC1881,Territory C
PRESC1882,Territory A
PRESC1883,Territory B
PRESC1884,Territory C
PRESC1885,Territory A
PRESC1886,Territory B
PRESC1887,Territory A
PRESC1888,Territory B
PRESC1889,Territory C
PRESC1890,Territory A
PRESC1891,Territory B
PRESC1892,Territory C
PRESC1893,Territory A
PRESC1894,Territory B
PRESC1895,Territory C
PRESC1896,Territory A
PRESC1897,Territory B
PRESC1898,Territory C
PRESC1899,Territory A
PRESC1900,Territory B
PRESC1901,Territory C
PRESC1902,Territory A
PRESC1903,Territory B
PRESC1904,Territory C
PRESC1905,Territory A
PRESC1906,Territory B
PRESC1907,Territory C
PRESC1908,Territory A
PRESC1909,Territory B
PRESC1910,Territory C
PRESC1911,Territory A
PRESC1912,Territory B
PRESC1913,Territory C
PRESC1914,Territory A
PRESC1915,Territory B
PRESC1916,Territory C
PRESC1917,Territory A
PRESC1918,Territory A
PRESC1919,Territory B
PRESC1920,Territory C
PRESC1921,Territory D
PRESC1922,Territory E
PRESC1923,Territory F
PRESC1924,Territory G
PRESC1925,Territory H
PRESC1926,Territory I
PRESC1927,Territory J
PRESC1928,Territory K
PRESC1929,Territory L
PRESC1930,Territory M
PRESC1931,Territory N
PRESC1932,Territory O
PRESC1933,Territory P
PRESC1934,Territory Q
PRESC1935,Territory R
PRESC1936,Territory S
PRESC1937,Territory T
PRESC1938,Territory A
PRESC1939,Territory B
PRESC1940,Territory C
PRESC1941,Territory D
PRESC1942,Territory E
PRESC1943,Territory F
PRESC1944,Territory G
PRESC1945,Territory H
PRESC1946,Territory I
PRESC1947,Territory A
PRESC1948,Territory B
PRESC1949,Territory C
PRESC1950,Territory D
PRESC1951,Territory E
PRESC1952,Territory F
PRESC1953,Territory G
PRESC1954,Territory H
PRESC1955,Territory I
PRESC1956,Territory J
PRESC1957,Territory K
PRESC1958,Territory L
PRESC1959,Territory M
PRESC1960,Territory N
PRESC1961,Territory O
PRESC1962,Territory P
PRESC1963,Territory Q
PRESC1964,Territory R
PRESC1965,Territory S
PRESC1966,Territory T
PRESC1967,Territory A
PRESC1968,Territory B
PRESC1969,Territory C
PRESC1970,Territory D
PRESC1971,Territory E
PRESC1972,Territory F
PRESC1973,Territory G
PRESC1974,Territory H
PRESC1975,Territory I
PRESC1976,Territory J
PRESC1977,Territory K
PRESC1978,Territory L
PRESC1979,Territory M
PRESC1980,Territory N
PRESC1981,Territory O
PRESC1982,Territory P
PRESC1983,Territory Q
PRESC1984,Territory R
PRESC1985,Territory S
PRESC1986,Territory T
PRESC1987,Territory C
PRESC1988,Territory A
PRESC1989,Territory B
PRESC1990,Territory C
PRESC1991,Territory A
PRESC1992,Territory B
PRESC1993,Territory C
PRESC1994,Territory A
PRESC1995,Territory B
PRESC1996,Territory C
PRESC1997,Territory A
PRESC1998,Territory B
PRESC1999,Territory C
PRESC2000,Territory A
PRESC2001,Territory B
PRESC2002,Territory C
PRESC2003,Territory A
PRESC2004,Territory B
PRESC2005,Territory C
PRESC2006,Territory A
PRESC2007,Territory B
PRESC2008,Territory C
PRESC2009,Territory A
PRESC2010,Territory B
PRESC2011,Territory C
PRESC2012,Territory A
PRESC2013,Territory B
PRESC2014,Territory C
PRESC2015,Territory A
PRESC2016,Territory B
PRESC2017,Territory C
PRESC2018,Territory A
PRESC2019,Territory B
PRESC2020,Territory C
PRESC2021,Territory A
PRESC2022,Territory B
PRESC2023,Territory C
PRESC2024,Territory B
PRESC2025,Territory C
PRESC2026,Territory A
PRESC2027,Territory B
PRESC2028,Territory C
PRESC2029,Territory A
PRESC2030,Territory B
PRESC2031,Territory C
PRESC2032,Territory A
PRESC2033,Territory B
PRESC2034,Territory C
PRESC2035,Territory A
PRESC2036,Territory B
PRESC2037,Territory B
PRESC2038,Territory C
PRESC2039,Territory A
PRESC2040,Territory B
PRESC2041,Territory C
PRESC2042,Territory A
PRESC2043,Territory B
PRESC2044,Territory C
PRESC2045,Territory A
PRESC2046,Territory B
PRESC2047,Territory C
PRESC2048,Territory A
PRESC2049,Territory B
PRESC2050,Territory C
PRESC2051,Territory A
PRESC2052,Territory B
PRESC2053,Territory C
PRESC2054,Territory A
PRESC2055,Territory B
PRESC2056,Territory C
PRESC2057,Territory A
PRESC2058,Territory B
PRESC2059,Territory C
PRESC2060,Territory A
PRESC2061,Territory B
PRESC2062,Territory C
PRESC2063,Territory A
PRESC2064,Territory B
PRESC2065,Territory C
PRESC2066,Territory A
PRESC2067,Territory B
PRESC2068,Territory C
PRESC2069,Territory A
PRESC2070,Territory B
PRESC2071,Territory C
PRESC2072,Territory A
PRESC2073,Territory B
PRESC2074,Territory C
PRESC2075,Territory A
PRESC2076,Territory B
PRESC2077,Territory C
PRESC2078,Territory A
PRESC2079,Territory B
PRESC2080,Territory C
PRESC2081,Territory A
PRESC2082,Territory B
PRESC2083,Territory C
PRESC2084,Territory A
PRESC2085,Territory B
PRESC2086,Territory C
PRESC2087,Territory A
PRESC2088,Territory A
PRESC2089,Territory B
PRESC2090,Territory C
PRESC2091,Territory D
PRESC2092,Territory E
PRESC2093,Territory F
PRESC2094,Territory G
PRESC2095,Territory H
PRESC2096,Territory I
PRESC2097,Territory J
PRESC2098,Territory K
PRESC2099,Territory L
PRESC2100,Territory M
PRESC2101,Territory N
PRESC2102,Territory O
PRESC2103,Territory P
PRESC2104,Territory Q
PRESC2105,Territory R
PRESC2106,Territory S
PRESC2107,Territory T
PRESC2108,Territory A
PRESC2109,Territory B
PRESC2110,Territory C
PRESC2111,Territory D
PRESC2112,Territory E
PRESC2113,Territory F
PRESC2114,Territory G
PRESC2115,Territory H
PRESC2116,Territory I
PRESC2117,Territory A
PRESC2118,Territory B
PRESC2119,Territory C
PRESC2120,Territory D
PRESC2121,Territory E
PRESC2122,Territory F
PRESC2123,Territory G
PRESC2124,Territory H
PRESC2125,Territory I
PRESC2126,Territory J
PRESC2127,Territory K
PRESC2128,Territory L
PRESC2129,Territory M
PRESC2130,Territory N
PRESC2131,Territory O
PRESC2132,Territory P
PRESC2133,Territory Q
PRESC2134,Territory R
PRESC2135,Territory S
PRESC2136,Territory T
PRESC2137,Territory A
PRESC2138,Territory B
PRESC2139,Territory C
PRESC2140,Territory D
PRESC2141,Territory E
PRESC2142,Territory F
PRESC2143,Territory G
PRESC2144,Territory H
PRESC2145,Territory I
PRESC2146,Territory J
PRESC2147,Territory K
PRESC2148,Territory L
PRESC2149,Territory M
PRESC2150,Territory N
PRESC2151,Territory O
PRESC2152,Territory P
PRESC2153,Territory Q
PRESC2154,Territory R
PRESC2155,Territory S
PRESC2156,Territory T
PRESC2157,Territory C
PRESC2158,Territory A
PRESC2159,Territory B
PRESC2160,Territory C
PRESC2161,Territory A
PRESC2162,Territory B
PRESC2163,Territory C
PRESC2164,Territory A
PRESC2165,Territory B
PRESC2166,Territory C
PRESC2167,Territory A
PRESC2168,Territory B
PRESC2169,Territory C
PRESC2170,Territory A
PRESC2171,Territory B
PRESC2172,Territory C
PRESC2173,Territory A
PRESC2174,Territory B
PRESC2175,Territory C
PRESC2176,Territory A
PRESC2177,Territory B
PRESC2178,Territory C
PRESC2179,Territory A
PRESC2180,Territory B
PRESC2181,Territory C
PRESC2182,Territory A
PRESC2183,Territory B
PRESC2184,Territory C
PRESC2185,Territory A
PRESC2186,Territory B
PRESC2187,Territory C
PRESC2188,Territory A
PRESC2189,Territory B
PRESC2190,Territory C
PRESC2191,Territory A
PRESC2192,Territory B
PRESC2193,Territory C
PRESC2194,Territory B
PRESC2195,Territory C
PRESC2196,Territory A
PRESC2197,Territory B
PRESC2198,Territory C
PRESC2199,Territory A
PRESC2200,Territory B
PRESC2201,Territory C
PRESC2202,Territory A
PRESC2203,Territory B
PRESC2204,Territory C
PRESC2205,Territory A
PRESC2206,Territory B
PRESC2207,Territory B
PRESC2208,Territory C
PRESC2209,Territory A
PRESC2210,Territory B
PRESC2211,Territory C
PRESC2212,Territory D
PRESC2213,Territory E
PRESC2214,Territory F
PRESC2215,Territory G
PRESC2216,Territory H
PRESC2217,Territory I
PRESC2218,Territory J
PRESC2219,Territory K
PRESC2220,Territory L
PRESC2221,Territory M
PRESC2222,Territory N
PRESC2223,Territory O
PRESC2224,Territory P
PRESC2225,Territory Q
PRESC2226,Territory R
PRESC2227,Territory S
PRESC2228,Territory T
PRESC2229,Territory A
PRESC2230,Territory B
PRESC2231,Territory C
PRESC2232,Territory D
PRESC2233,Territory E
PRESC2234,Territory F
PRESC2235,Territory G
PRESC2236,Territory H
PRESC2237,Territory I
PRESC2238,Territory A
PRESC2239,Territory B
PRESC2240,Territory C
PRESC2241,Territory D
PRESC2242,Territory E
PRESC2243,Territory F
PRESC2244,Territory G
PRESC2245,Territory H
PRESC2246,Territory I
PRESC2247,Territory J
PRESC2248,Territory K
PRESC2249,Territory L
PRESC2250,Territory M
PRESC2251,Territory N
PRESC2252,Territory O
PRESC2253,Territory P
PRESC2254,Territory Q
PRESC2255,Territory R
PRESC2256,Territory S
PRESC2257,Territory T
PRESC2258,Territory A
PRESC2259,Territory B
PRESC2260,Territory C
PRESC2261,Territory D
PRESC2262,Territory E
PRESC2263,Territory F
PRESC2264,Territory G
PRESC2265,Territory H
PRESC2266,Territory I
PRESC2267,Territory J
PRESC2268,Territory K
PRESC2269,Territory L
PRESC2270,Territory M
PRESC2271,Territory N
PRESC2272,Territory O
PRESC2273,Territory P
PRESC2274,Territory Q
PRESC2275,Territory R
PRESC2276,Territory S
PRESC2277,Territory T
PRESC2278,Territory C
PRESC2279,Territory A
PRESC2280,Territory B
PRESC2281,Territory C
PRESC2282,Territory A
PRESC2283,Territory B
PRESC2284,Territory C
PRESC2285,Territory A
PRESC2286,Territory B
PRESC2287,Territory C
PRESC2288,Territory A
PRESC2289,Territory B
PRESC2290,Territory C
PRESC2291,Territory A
PRESC2292,Territory B
PRESC2293,Territory C
PRESC2294,Territory A
PRESC2295,Territory B
PRESC2296,Territory C
PRESC2297,Territory A
PRESC2298,Territory B
PRESC2299,Territory C
PRESC2300,Territory A
PRESC2301,Territory B
PRESC2302,Territory C
PRESC2303,Territory A
PRESC2304,Territory B
PRESC2305,Territory C
PRESC2306,Territory A
PRESC2307,Territory B
PRESC2308,Territory C
PRESC2309,Territory A
PRESC2310,Territory B
PRESC2311,Territory C
PRESC2312,Territory A
PRESC2313,Territory B
PRESC2314,Territory C
PRESC2315,Territory B
PRESC2316,Territory C
PRESC2317,Territory A
PRESC2318,Territory B
PRESC2319,Territory C
PRESC2320,Territory A
PRESC2321,Territory B
PRESC2322,Territory C
PRESC2323,Territory A
PRESC2324,Territory B
PRESC2325,Territory C
PRESC2326,Territory A
PRESC2327,Territory B
PRESC2328,Territory C
PRESC2329,Territory A
PRESC2330,Territory B
PRESC2331,Territory C
PRESC2332,Territory A
PRESC2333,Territory B
PRESC2334,Territory C
PRESC2335,Territory D
PRESC2336,Territory E
PRESC2337,Territory F
PRESC2338,Territory G
PRESC2339,Territory H
PRESC2340,Territory I
PRESC2341,Territory J
PRESC2342,Territory K
PRESC2343,Territory L
PRESC2344,Territory M
PRESC2345,Territory N
PRESC2346,Territory O
PRESC2347,Territory P
PRESC2348,Territory Q
PRESC2349,Territory R
PRESC2350,Territory S
PRESC2351,Territory T
PRESC2352,Territory A
PRESC2353,Territory B
PRESC2354,Territory C
PRESC2355,Territory D
PRESC2356,Territory E
PRESC2357,Territory F
PRESC2358,Territory G
PRESC2359,Territory H
PRESC2360,Territory I
PRESC2361,Territory A
PRESC2362,Territory B
PRESC2363,Territory C
PRESC2364,Territory D
PRESC2365,Territory E
PRESC2366,Territory F
PRESC2367,Territory G
PRESC2368,Territory H
PRESC2369,Territory I
PRESC2370,Territory J
PRESC2371,Territory K
PRESC2372,Territory L
PRESC2373,Territory M
PRESC2374,Territory N
PRESC2375,Territory O
PRESC2376,Territory P
PRESC2377,Territory Q
PRESC2378,Territory R
PRESC2379,Territory S
PRESC2380,Territory T
PRESC2381,Territory A
PRESC2382,Territory B
PRESC2383,Territory C
PRESC2384,Territory D
PRESC2385,Territory E
PRESC2386,Territory F
PRESC2387,Territory G
PRESC2388,Territory H
PRESC2389,Territory I
PRESC2390,Territory J
PRESC2391,Territory K
PRESC2392,Territory L
PRESC2393,Territory M
PRESC2394,Territory N
PRESC2395,Territory O
PRESC2396,Territory P
PRESC2397,Territory Q
PRESC2398,Territory R
PRESC2399,Territory S
PRESC2400,Territory T
PRESC2401,Territory C
PRESC2402,Territory A
PRESC2403,Territory B
PRESC2404,Territory C
PRESC2405,Territory A
PRESC2406,Territory B
PRESC2407,Territory C
PRESC2408,Territory A
PRESC2409,Territory B
PRESC2410,Territory C
PRESC2411,Territory A
PRESC2412,Territory B
PRESC2413,Territory C
PRESC2414,Territory A
PRESC2415,Territory B
PRESC2416,Territory C
PRESC2417,Territory A
PRESC2418,Territory B
PRESC2419,Territory C
PRESC2420,Territory A
PRESC2421,Territory B
PRESC2422,Territory C
PRESC2423,Territory A
PRESC2424,Territory B
PRESC2425,Territory C
PRESC2426,Territory A
PRESC2427,Territory B
PRESC2428,Territory C
PRESC2429,Territory A
PRESC2430,Territory B
PRESC2431,Territory C
PRESC2432,Territory A
PRESC2433,Territory B
PRESC2434,Territory C
PRESC2435,Territory A
PRESC2436,Territory B
PRESC2437,Territory C
PRESC2438,Territory B
PRESC2439,Territory C
PRESC2440,Territory A
PRESC2441,Territory B
PRESC2442,Territory C
PRESC2443,Territory A
PRESC2444,Territory B
PRESC2445,Territory C
PRESC2446,Territory A
PRESC2447,Territory B
PRESC2448,Territory C
PRESC2449,Territory A
PRESC2450,Territory B
PRESC2451,Territory A
PRESC2452,Territory B
PRESC2453,Territory C
PRESC2454,Territory A
PRESC2455,Territory B
PRESC2456,Territory C
PRESC2457,Territory A
PRESC2458,Territory B
PRESC2459,Territory C
PRESC2460,Territory A
PRESC2461,Territory B
PRESC2462,Territory C
PRESC2463,Territory A
PRESC2464,Territory B
PRESC2465,Territory C
PRESC2466,Territory A
PRESC2467,Territory B
PRESC2468,Territory C
PRESC2469,Territory A
PRESC2470,Territory B
PRESC2471,Territory C
PRESC2472,Territory A
PRESC2473,Territory B
PRESC2474,Territory C
PRESC2475,Territory A
PRESC2476,Territory A
PRESC2477,Territory B
PRESC2478,Territory C
PRESC2479,Territory D
PRESC2480,Territory E
PRESC2481,Territory F
PRESC2482,Territory G
PRESC2483,Territory H
PRESC2484,Territory I
PRESC2485,Territory J
PRESC2486,Territory K
PRESC2487,Territory L
PRESC2488,Territory M
PRESC2489,Territory N
PRESC2490,Territory O
PRESC2491,Territory P
PRESC2492,Territory Q
PRESC2493,Territory R
PRESC2494,Territory S
PRESC2495,Territory T
PRESC2496,Territory A
PRESC2497,Territory B
PRESC2498,Territory A
PRESC2499,Territory B
PRESC2500,Territory C
PRESC2501,Territory D
PRESC2502,Territory E
PRESC2503,Territory F
PRESC2504,Territory G
PRESC2505,Territory H
PRESC2506,Territory I
PRESC2507,Territory J
PRESC2508,Territory K
PRESC2509,Territory L
PRESC2510,Territory M
PRESC2511,Territory N
PRESC2512,Territory O
PRESC2513,Territory P
PRESC2514,Territory Q
PRESC2515,Territory R
PRESC2516,Territory S
PRESC2517,Territory T
PRESC2518,Territory A
PRESC2519,Territory B
PRESC2520,Territory C
PRESC2521,Territory D
PRESC2522,Territory E
PRESC2523,Territory F
PRESC2524,Territory G
PRESC2525,Territory H
PRESC2526,Territory I
PRESC2527,Territory A
PRESC2528,Territory B
PRESC2529,Territory C
PRESC2530,Territory D
PRESC2531,Territory E
PRESC2532,Territory F
PRESC2533,Territory G
PRESC2534,Territory H
PRESC2535,Territory I
PRESC2536,Territory J
PRESC2537,Territory K
PRESC2538,Territory L
PRESC2539,Territory M
PRESC2540,Territory N
PRESC2541,Territory O
PRESC2542,Territory P
PRESC2543,Territory Q
PRESC2544,Territory R
PRESC2545,Territory S
PRESC2546,Territory T
PRESC2547,Territory A
PRESC2548,Territory B
PRESC2549,Territory C
PRESC2550,Territory D
PRESC2551,Territory E
PRESC2552,Territory F
PRESC2553,Territory G
PRESC2554,Territory H
PRESC2555,Territory I
PRESC2556,Territory J
PRESC2557,Territory K
PRESC2558,Territory L
PRESC2559,Territory M
PRESC2560,Territory N
PRESC2561,Territory O
PRESC2562,Territory P
PRESC2563,Territory Q
PRESC2564,Territory R
PRESC2565,Territory S
PRESC2566,Territory T
PRESC2567,Territory C
PRESC2568,Territory A
PRESC2569,Territory B
PRESC2570,Territory C
PRESC2571,Territory A
PRESC2572,Territory B
PRESC2573,Territory C
PRESC2574,Territory A
PRESC2575,Territory B
PRESC2576,Territory C
PRESC2577,Territory A
PRESC2578,Territory B
PRESC2579,Territory C
PRESC2580,Territory A
PRESC2581,Territory B
PRESC2582,Territory C
PRESC2583,Territory A
PRESC2584,Territory B
PRESC2585,Territory C
PRESC2586,Territory A
PRESC2587,Territory B
PRESC2588,Territory C
PRESC2589,Territory A
PRESC2590,Territory B
PRESC2591,Territory C
PRESC2592,Territory A
PRESC2593,Territory B
PRESC2594,Territory C
PRESC2595,Territory A
PRESC2596,Territory B
PRESC2597,Territory C
PRESC2598,Territory A
PRESC2599,Territory B
PRESC2600,Territory C
PRESC2601,Territory A
PRESC2602,Territory B
PRESC2603,Territory C
PRESC2604,Territory B
PRESC2605,Territory C
PRESC2606,Territory A
PRESC2607,Territory B
PRESC2608,Territory C
PRESC2609,Territory A
PRESC2610,Territory B
PRESC2611,Territory C
PRESC2612,Territory A
PRESC2613,Territory B
PRESC2614,Territory C
PRESC2615,Territory A
PRESC2616,Territory B
PRESC2617,Territory C
PRESC2618,Territory A
PRESC2619,Territory B
PRESC2620,Territory C
PRESC2621,Territory A
PRESC2622,Territory B
PRESC2623,Territory C
PRESC2624,Territory A
PRESC2625,Territory B
PRESC2626,Territory C
PRESC2627,Territory A
PRESC2628,Territory B
PRESC2629,Territory C
PRESC2630,Territory A
PRESC2631,Territory B
PRESC2632,Territory C
PRESC2633,Territory A
PRESC2634,Territory B
PRESC2635,Territory C
PRESC2636,Territory A
PRESC2637,Territory B
PRESC2638,Territory C
PRESC2639,Territory A
PRESC2640,Territory B
PRESC2641,Territory C
PRESC2642,Territory A
PRESC2643,Territory B
PRESC2644,Territory C
PRESC2645,Territory A
PRESC2646,Territory B
PRESC2647,Territory C
PRESC2648,Territory A
PRESC2649,Territory A
PRESC2650,Territory B
PRESC2651,Territory C
PRESC2652,Territory D
PRESC2653,Territory E
PRESC2654,Territory F
PRESC2655,Territory G
PRESC2656,Territory H
PRESC2657,Territory I
PRESC2658,Territory J
PRESC2659,Territory K
PRESC2660,Territory L
PRESC2661,Territory M
PRESC2662,Territory N
PRESC2663,Territory O
PRESC2664,Territory P
PRESC2665,Territory Q
PRESC2666,Territory R
PRESC2667,Territory S
PRESC2668,Territory T
PRESC2669,Territory A
PRESC2670,Territory B
PRESC2671,Territory C
PRESC2672,Territory D
PRESC2673,Territory E
PRESC2674,Territory F
PRESC2675,Territory G
PRESC2676,Territory H
PRESC2677,Territory I
PRESC2678,Territory A
PRESC2679,Territory B
PRESC2680,Territory C
PRESC2681,Territory D
PRESC2682,Territory E
PRESC2683,Territory F
PRESC2684,Territory G
PRESC2685,Territory H
PRESC2686,Territory I
PRESC2687,Territory J
PRESC2688,Territory K
PRESC2689,Territory L
PRESC2690,Territory M
PRESC2691,Territory N
PRESC2692,Territory O
PRESC2693,Territory P
PRESC2694,Territory Q
PRESC2695,Territory R
PRESC2696,Territory S
PRESC2697,Territory T
PRESC2698,Territory A
PRESC2699,Territory B
PRESC2700,Territory C
PRESC2701,Territory D
PRESC2702,Territory E
PRESC2703,Territory F
PRESC2704,Territory G
PRESC2705,Territory H
PRESC2706,Territory I
PRESC2707,Territory J
PRESC2708,Territory K
PRESC2709,Territory L
PRESC2710,Territory M
PRESC2711,Territory N
PRESC2712,Territory O
PRESC2713,Territory P
PRESC2714,Territory Q
PRESC2715,Territory R
PRESC2716,Territory S
PRESC2717,Territory T
PRESC2718,Territory C
PRESC2719,Territory A
PRESC2720,Territory B
PRESC2721,Territory C
PRESC2722,Territory A
PRESC2723,Territory B
PRESC2724,Territory C
PRESC2725,Territory A
PRESC2726,Territory B
PRESC2727,Territory C
PRESC2728,Territory A
PRESC2729,Territory B
PRESC2730,Territory C
PRESC2731,Territory A
PRESC2732,Territory B
PRESC2733,Territory C
PRESC2734,Territory A
PRESC2735,Territory B
PRESC2736,Territory C
PRESC2737,Territory A
PRESC2738,Territory B
PRESC2739,Territory C
PRESC2740,Territory A
PRESC2741,Territory B
PRESC2742,Territory C
PRESC2743,Territory A
PRESC2744,Territory B
PRESC2745,Territory C
PRESC2746,Territory A
PRESC2747,Territory B
PRESC2748,Territory C
PRESC2749,Territory A
PRESC2750,Territory B
PRESC2751,Territory C
PRESC2752,Territory A
PRESC2753,Territory B
PRESC2754,Territory C
PRESC2755,Territory B
PRESC2756,Territory C
PRESC2757,Territory A
PRESC2758,Territory B
PRESC2759,Territory C
PRESC2760,Territory A
PRESC2761,Territory B
PRESC2762,Territory C
PRESC2763,Territory A
PRESC2764,Territory B
PRESC2765,Territory C
PRESC2766,Territory A
PRESC2767,Territory B
PRESC2768,Territory A
PRESC2769,Territory B
PRESC2770,Territory C
PRESC2771,Territory B
PRESC2772,Territory C
PRESC2773,Territory A
PRESC2774,Territory B
PRESC2775,Territory C
PRESC2776,Territory A
PRESC2777,Territory B
PRESC2778,Territory C
PRESC2779,Territory A
PRESC2780,Territory B
PRESC2781,Territory C
PRESC2782,Territory A
PRESC2783,Territory B
PRESC2784,Territory C
PRESC2785,Territory A
PRESC2786,Territory B
PRESC2787,Territory C
PRESC2788,Territory A
PRESC2789,Territory B
PRESC2790,Territory C
PRESC2791,Territory A
PRESC2792,Territory B
PRESC2793,Territory C
PRESC2794,Territory A
PRESC2795,Territory B
PRESC2796,Territory C
PRESC2797,Territory A
PRESC2798,Territory B
PRESC2799,Territory C
PRESC2800,Territory A
PRESC2801,Territory B
PRESC2802,Territory C
PRESC2803,Territory A
PRESC2804,Territory B
PRESC2805,Territory C
PRESC2806,Territory A
PRESC2807,Territory A
PRESC2808,Territory B
PRESC2809,Territory C
PRESC2810,Territory D
PRESC2811,Territory E
PRESC2812,Territory F
PRESC2813,Territory G
PRESC2814,Territory H
PRESC2815,Territory I
PRESC2816,Territory J
PRESC2817,Territory K
PRESC2818,Territory L
PRESC2819,Territory M
PRESC2820,Territory N
PRESC2821,Territory O
PRESC2822,Territory P
PRESC2823,Territory Q
PRESC2824,Territory R
PRESC2825,Territory S
PRESC2826,Territory T
PRESC2827,Territory A
PRESC2828,Territory B
PRESC2829,Territory C
PRESC2830,Territory D
PRESC2831,Territory E
PRESC2832,Territory F
PRESC2833,Territory G
PRESC2834,Territory H
PRESC2835,Territory I
PRESC2836,Territory A
PRESC2837,Territory B
PRESC2838,Territory C
PRESC2839,Territory D
PRESC2840,Territory E
PRESC2841,Territory F
PRESC2842,Territory G
PRESC2843,Territory H
PRESC2844,Territory I
PRESC2845,Territory J
PRESC2846,Territory K
PRESC2847,Territory L
PRESC2848,Territory M
PRESC2849,Territory N
PRESC2850,Territory O
PRESC2851,Territory P
PRESC2852,Territory Q
PRESC2853,Territory R
PRESC2854,Territory S
PRESC2855,Territory T
PRESC2856,Territory A
PRESC2857,Territory B
PRESC2858,Territory C
PRESC2859,Territory D
PRESC2860,Territory E
PRESC2861,Territory F
PRESC2862,Territory G
PRESC2863,Territory H
PRESC2864,Territory I
PRESC2865,Territory J
PRESC2866,Territory K
PRESC2867,Territory L
PRESC2868,Territory M
PRESC2869,Territory N
PRESC2870,Territory O
PRESC2871,Territory P
PRESC2872,Territory Q
PRESC2873,Territory R
PRESC2874,Territory S
PRESC2875,Territory T
PRESC2876,Territory C
PRESC2877,Territory A
PRESC2878,Territory B
PRESC2879,Territory C
PRESC2880,Territory A
PRESC2881,Territory B
PRESC2882,Territory C
PRESC2883,Territory A
PRESC2884,Territory B
PRESC2885,Territory C
PRESC2886,Territory A
PRESC2887,Territory B
PRESC2888,Territory C
PRESC2889,Territory A
PRESC2890,Territory B
PRESC2891,Territory C
PRESC2892,Territory A
PRESC2893,Territory B
PRESC2894,Territory C
PRESC2895,Territory A
PRESC2896,Territory B
PRESC2897,Territory C
PRESC2898,Territory A
PRESC2899,Territory B
PRESC2900,Territory C
PRESC2901,Territory A
PRESC2902,Territory B
PRESC2903,Territory C
PRESC2904,Territory A
PRESC2905,Territory B
PRESC2906,Territory C
PRESC2907,Territory A
PRESC2908,Territory B
PRESC2909,Territory C
PRESC2910,Territory A
PRESC2911,Territory B
PRESC2912,Territory C
PRESC2913,Territory B
PRESC2914,Territory C
PRESC2915,Territory A
PRESC2916,Territory B
PRESC2917,Territory C
PRESC2918,Territory A
PRESC2919,Territory B
PRESC2920,Territory C
PRESC2921,Territory A
PRESC2922,Territory B
PRESC2923,Territory C
PRESC2924,Territory A
PRESC2925,Territory B
PRESC2926,Territory A
PRESC2927,Territory B
PRESC2928,Territory C
PRESC2929,Territory A
PRESC2930,Territory B
PRESC2931,Territory C
PRESC2932,Territory A
PRESC2933,Territory B
PRESC2934,Territory C
PRESC2935,Territory A
PRESC2936,Territory B
PRESC2937,Territory C
PRESC2938,Territory A
PRESC2939,Territory B
PRESC2940,Territory A
PRESC2941,Territory B
PRESC2942,Territory C
PRESC2943,Territory D
PRESC2944,Territory E
PRESC2945,Territory F
PRESC2946,Territory G
PRESC2947,Territory H
PRESC2948,Territory I
PRESC2949,Territory J
PRESC2950,Territory K
PRESC2951,Territory L
PRESC2952,Territory M
PRESC2953,Territory N
PRESC2954,Territory O
PRESC2955,Territory P
PRESC2956,Territory Q
PRESC2957,Territory R
PRESC2958,Territory S
PRESC2959,Territory T
PRESC2960,Territory A
PRESC2961,Territory B
PRESC2962,Territory C
PRESC2963,Territory D
PRESC2964,Territory E
PRESC2965,Territory F
PRESC2966,Territory G
PRESC2967,Territory H
PRESC2968,Territory I
PRESC2969,Territory A
PRESC2970,Territory B
PRESC2971,Territory C
PRESC2972,Territory D
PRESC2973,Territory E
PRESC2974,Territory F
PRESC2975,Territory G
PRESC2976,Territory H
PRESC2977,Territory I
PRESC2978,Territory J
PRESC2979,Territory K
PRESC2980,Territory L
PRESC2981,Territory M
PRESC2982,Territory N
PRESC2983,Territory O
PRESC2984,Territory P
PRESC2985,Territory Q
PRESC2986,Territory R
PRESC2987,Territory S
PRESC2988,Territory T
PRESC2989,Territory A
PRESC2990,Territory B
PRESC2991,Territory C
PRESC2992,Territory D
PRESC2993,Territory E
PRESC2994,Territory F
PRESC2995,Territory G
PRESC2996,Territory H
PRESC2997,Territory I
PRESC2998,Territory J
PRESC2999,Territory K
PRESC3000,Territory L
PRESC3001,Territory M
PRESC3002,Territory N
PRESC3003,Territory O
PRESC3004,Territory P
PRESC3005,Territory Q
PRESC3006,Territory R
PRESC3007,Territory S
PRESC3008,Territory T
PRESC3009,Territory C
PRESC3010,Territory A
PRESC3011,Territory B
PRESC3012,Territory C
PRESC3013,Territory A
PRESC3014,Territory B
PRESC3015,Territory C
PRESC3016,Territory A
PRESC3017,Territory B
PRESC3018,Territory C
PRESC3019,Territory A
PRESC3020,Territory B
PRESC3021,Territory C
PRESC3022,Territory A
PRESC3023,Territory B
PRESC3024,Territory C
PRESC3025,Territory A
PRESC3026,Territory B
PRESC3027,Territory C
PRESC3028,Territory A
PRESC3029,Territory B
PRESC3030,Territory C
PRESC3031,Territory A
PRESC3032,Territory B
PRESC3033,Territory C
PRESC3034,Territory A
PRESC3035,Territory B
PRESC3036,Territory C
PRESC3037,Territory A
PRESC3038,Territory B
PRESC3039,Territory C
PRESC3040,Territory A
PRESC3041,Territory B
PRESC3042,Territory C
PRESC3043,Territory A
PRESC3044,Territory B
PRESC3045,Territory C
PRESC3046,Territory B
PRESC3047,Territory C
PRESC3048,Territory A
PRESC3049,Territory B
PRESC3050,Territory C
PRESC3051,Territory A
PRESC3052,Territory B
PRESC3053,Territory C
PRESC3054,Territory A
PRESC3055,Territory B
PRESC3056,Territory C
PRESC3057,Territory A
PRESC3058,Territory B
PRESC3059,Territory C
PRESC3060,Territory A
PRESC3061,Territory B
PRESC3062,Territory C
PRESC3063,Territory A
PRESC3064,Territory B
PRESC3065,Territory C
PRESC3066,Territory A
PRESC3067,Territory B
PRESC3068,Territory C
PRESC3069,Territory A
PRESC3070,Territory B
PRESC3071,Territory C
PRESC3072,Territory A
PRESC3073,Territory B
PRESC3074,Territory C
PRESC3075,Territory A
PRESC3076,Territory B
PRESC3077,Territory C
PRESC3078,Territory A
PRESC3079,Territory B
PRESC3080,Territory C
PRESC3081,Territory A
PRESC3082,Territory B
PRESC3083,Territory C
PRESC3084,Territory A
PRESC3085,Territory B
PRESC3086,Territory C
PRESC3087,Territory A
PRESC3088,Territory B
PRESC3089,Territory C
PRESC3090,Territory D
PRESC3091,Territory E
PRESC3092,Territory F
PRESC3093,Territory G
PRESC3094,Territory H
PRESC3095,Territory I
PRESC3096,Territory J
PRESC3097,Territory K
PRESC3098,Territory L
PRESC3099,Territory M
PRESC3100,Territory N
PRESC3101,Territory O
PRESC3102,Territory P
PRESC3103,Territory Q
PRESC3104,Territory R
PRESC3105,Territory S
PRESC3106,Territory T
PRESC3107,Territory A
PRESC3108,Territory B
PRESC3109,Territory C
PRESC3110,Territory D
PRESC3111,Territory E
PRESC3112,Territory F
PRESC3113,Territory G
PRESC3114,Territory H
PRESC3115,Territory I
PRESC3116,Territory A
PRESC3117,Territory B
PRESC3118,Territory C
PRESC3119,Territory D
PRESC3120,Territory E
PRESC3121,Territory F
PRESC3122,Territory G
PRESC3123,Territory H
PRESC3124,Territory I
PRESC3125,Territory J
PRESC3126,Territory K
PRESC3127,Territory L
PRESC3128,Territory M
PRESC3129,Territory N
PRESC3130,Territory O
PRESC3131,Territory P
PRESC3132,Territory Q
PRESC3133,Territory R
PRESC3134,Territory S
PRESC3135,Territory T
PRESC3136,Territory A
PRESC3137,Territory B
PRESC3138,Territory C
PRESC3139,Territory D
PRESC3140,Territory E
PRESC3141,Territory F
PRESC3142,Territory G
PRESC3143,Territory H
PRESC3144,Territory I
PRESC3145,Territory J
PRESC3146,Territory K
PRESC3147,Territory L
PRESC3148,Territory M
PRESC3149,Territory N
PRESC3150,Territory O
PRESC3151,Territory P
PRESC3152,Territory Q
PRESC3153,Territory R
PRESC3154,Territory S
PRESC3155,Territory T
PRESC3156,Territory C
PRESC3157,Territory A
PRESC3158,Territory B
PRESC3159,Territory C
PRESC3160,Territory A
PRESC3161,Territory B
PRESC3162,Territory C
PRESC3163,Territory A
PRESC3164,Territory B
PRESC3165,Territory C
PRESC3166,Territory A
PRESC3167,Territory B
PRESC3168,Territory C
PRESC3169,Territory A
PRESC3170,Territory B
PRESC3171,Territory C
PRESC3172,Territory A
PRESC3173,Territory B
PRESC3174,Territory C
PRESC3175,Territory A
PRESC3176,Territory B
PRESC3177,Territory C
PRESC3178,Territory A
PRESC3179,Territory B
PRESC3180,Territory C
PRESC3181,Territory A
PRESC3182,Territory B
PRESC3183,Territory C
PRESC3184,Territory A
PRESC3185,Territory B
PRESC3186,Territory C
PRESC3187,Territory A
PRESC3188,Territory B
PRESC3189,Territory C
PRESC3190,Territory A
PRESC3191,Territory B
PRESC3192,Territory C
PRESC3193,Territory B
PRESC3194,Territory C
PRESC3195,Territory A
PRESC3196,Territory B
PRESC3197,Territory C
PRESC3198,Territory A
PRESC3199,Territory B
PRESC3200,Territory C
PRESC3201,Territory A
PRESC3202,Territory B
PRESC3203,Territory C
PRESC3204,Territory A
PRESC3205,Territory B
PRESC3206,Territory A
PRESC3207,Territory B
PRESC3208,Territory C
PRESC3209,Territory A
PRESC3210,Territory B
PRESC3211,Territory C
PRESC3212,Territory A
PRESC3213,Territory B
PRESC3214,Territory C
PRESC3215,Territory A
PRESC3216,Territory A
PRESC3217,Territory B
PRESC3218,Territory C
PRESC3219,Territory D
PRESC3220,Territory E
PRESC3221,Territory F
PRESC3222,Territory G
PRESC3223,Territory H
PRESC3224,Territory I
PRESC3225,Territory J
PRESC3226,Territory K
PRESC3227,Territory L
PRESC3228,Territory M
PRESC3229,Territory N
PRESC3230,Territory O
PRESC3231,Territory P
PRESC3232,Territory Q
PRESC3233,Territory R
PRESC3234,Territory S
PRESC3235,Territory T
PRESC3236,Territory A
PRESC3237,Territory B
PRESC3238,Territory C
PRESC3239,Territory D
PRESC3240,Territory E
PRESC3241,Territory F
PRESC3242,Territory G
PRESC3243,Territory H
PRESC3244,Territory I
PRESC3245,Territory A
PRESC3246,Territory B
PRESC3247,Territory C
PRESC3248,Territory D
PRESC3249,Territory E
PRESC3250,Territory F
PRESC3251,Territory G
PRESC3252,Territory H
PRESC3253,Territory I
PRESC3254,Territory J
PRESC3255,Territory K
PRESC3256,Territory L
PRESC3257,Territory M
PRESC3258,Territory N
PRESC3259,Territory O
PRESC3260,Territory P
PRESC3261,Territory Q
PRESC3262,Territory R
PRESC3263,Territory S
PRESC3264,Territory T
PRESC3265,Territory A
PRESC3266,Territory B
PRESC3267,Territory C
PRESC3268,Territory D
PRESC3269,Territory E
PRESC3270,Territory F
PRESC3271,Territory G
PRESC3272,Territory H
PRESC3273,Territory I
PRESC3274,Territory J
PRESC3275,Territory K
PRESC3276,Territory L
PRESC3277,Territory M
PRESC3278,Territory N
PRESC3279,Territory O
PRESC3280,Territory P
PRESC3281,Territory Q
PRESC3282,Territory R
PRESC3283,Territory S
PRESC3284,Territory T
PRESC3285,Territory C
PRESC3286,Territory A
PRESC3287,Territory B
PRESC3288,Territory C
PRESC3289,Territory A
PRESC3290,Territory B
PRESC3291,Territory C
PRESC3292,Territory A
PRESC3293,Territory B
PRESC3294,Territory C
PRESC3295,Territory A
PRESC3296,Territory B
PRESC3297,Territory C
PRESC3298,Territory A
PRESC3299,Territory B
PRESC3300,Territory C
PRESC3301,Territory A
PRESC3302,Territory B
PRESC3303,Territory C
PRESC3304,Territory A
PRESC3305,Territory B
PRESC3306,Territory C
PRESC3307,Territory A
PRESC3308,Territory B
PRESC3309,Territory C
PRESC3310,Territory A
PRESC3311,Territory B
PRESC3312,Territory C
PRESC3313,Territory A
PRESC3314,Territory B
PRESC3315,Territory C
PRESC3316,Territory A
PRESC3317,Territory B
PRESC3318,Territory C
PRESC3319,Territory A
PRESC3320,Territory B
PRESC3321,Territory C
PRESC3322,Territory B
PRESC3323,Territory C
PRESC3324,Territory A
PRESC3325,Territory B
PRESC3326,Territory C
PRESC3327,Territory A
PRESC3328,Territory B
PRESC3329,Territory C
PRESC3330,Territory A
PRESC3331,Territory B
PRESC3332,Territory C
PRESC3333,Territory A
PRESC3334,Territory B
PRESC3335,Territory A
PRESC3336,Territory B
PRESC3337,Territory C
PRESC3338,Territory A
PRESC3339,Territory B
PRESC3340,Territory C
PRESC3341,Territory A
PRESC3342,Territory B
PRESC3343,Territory C
PRESC3344,Territory B
PRESC3345,Territory C
PRESC3346,Territory A
PRESC3347,Territory B
PRESC3348,Territory C
PRESC3349,Territory A
PRESC3350,Territory B
PRESC3351,Territory C
PRESC3352,Territory A
PRESC3353,Territory B
PRESC3354,Territory C
PRESC3355,Territory A
PRESC3356,Territory B
PRESC3357,Territory C
PRESC3358,Territory A
PRESC3359,Territory B
PRESC3360,Territory C
PRESC3361,Territory A
PRESC3362,Territory B
PRESC3363,Territory C
PRESC3364,Territory A
PRESC3365,Territory A
PRESC3366,Territory B
PRESC3367,Territory C
PRESC3368,Territory D
PRESC3369,Territory E
PRESC3370,Territory F
PRESC3371,Territory G
PRESC3372,Territory H
PRESC3373,Territory I
PRESC3374,Territory J
PRESC3375,Territory K
PRESC3376,Territory L
PRESC3377,Territory M
PRESC3378,Territory N
PRESC3379,Territory O
PRESC3380,Territory P
PRESC3381,Territory Q
PRESC3382,Territory R
PRESC3383,Territory S
PRESC3384,Territory T
PRESC3385,Territory A
PRESC3386,Territory B
PRESC3387,Territory C
PRESC3388,Territory D
PRESC3389,Territory E
PRESC3390,Territory F
PRESC3391,Territory G
PRESC3392,Territory H
PRESC3393,Territory I
PRESC3394,Territory A
PRESC3395,Territory B
PRESC3396,Territory C
PRESC3397,Territory D
PRESC3398,Territory E
PRESC3399,Territory F
PRESC3400,Territory G
PRESC3401,Territory H
PRESC3402,Territory I
PRESC3403,Territory J
PRESC3404,Territory K
PRESC3405,Territory L
PRESC3406,Territory M
PRESC3407,Territory N
PRESC3408,Territory O
PRESC3409,Territory P
PRESC3410,Territory Q
PRESC3411,Territory R
PRESC3412,Territory S
PRESC3413,Territory T
PRESC3414,Territory A
PRESC3415,Territory B
PRESC3416,Territory C
PRESC3417,Territory D
PRESC3418,Territory E
PRESC3419,Territory F
PRESC3420,Territory G
PRESC3421,Territory H
PRESC3422,Territory I
PRESC3423,Territory J
PRESC3424,Territory K
PRESC3425,Territory L
PRESC3426,Territory M
PRESC3427,Territory N
PRESC3428,Territory O
PRESC3429,Territory P
PRESC3430,Territory Q
PRESC3431,Territory R
PRESC3432,Territory S
PRESC3433,Territory T
PRESC3434,Territory C
PRESC3435,Territory A
PRESC3436,Territory B
PRESC3437,Territory C
PRESC3438,Territory A
PRESC3439,Territory B
PRESC3440,Territory C
PRESC3441,Territory A
PRESC3442,Territory B
PRESC3443,Territory C
PRESC3444,Territory A
PRESC3445,Territory B
PRESC3446,Territory C
PRESC3447,Territory A
PRESC3448,Territory B
PRESC3449,Territory C
PRESC3450,Territory A
PRESC3451,Territory B
PRESC3452,Territory C
PRESC3453,Territory A
PRESC3454,Territory B
PRESC3455,Territory C
PRESC3456,Territory A
PRESC3457,Territory B
PRESC3458,Territory C
PRESC3459,Territory A
PRESC3460,Territory B
PRESC3461,Territory C
PRESC3462,Territory A
PRESC3463,Territory B
PRESC3464,Territory C
PRESC3465,Territory A
PRESC3466,Territory B
PRESC3467,Territory C
PRESC3468,Territory A
PRESC3469,Territory B
PRESC3470,Territory C
PRESC3471,Territory B
PRESC3472,Territory C
PRESC3473,Territory A
PRESC3474,Territory B
PRESC3475,Territory C
PRESC3476,Territory A
PRESC3477,Territory B
PRESC3478,Territory C
PRESC3479,Territory A
PRESC3480,Territory B
PRESC3481,Territory C
PRESC3482,Territory A
PRESC3483,Territory B
PRESC3484,Territory A
PRESC3485,Territory B
PRESC3486,Territory C
PRESC3487,Territory A
PRESC3488,Territory B
PRESC3489,Territory C
PRESC3490,Territory A
PRESC3491,Territory B
PRESC3492,Territory C
PRESC3493,Territory A
PRESC3494,Territory B
PRESC3495,Territory C
PRESC3496,Territory A
PRESC3497,Territory B
PRESC3498,Territory C
PRESC3499,Territory A
PRESC3500,Territory B
PRESC3501,Territory C
PRESC3502,Territory A
PRESC3503,Territory B
PRESC3504,Territory C
PRESC3505,Territory A
PRESC3506,Territory B
PRESC3507,Territory C
PRESC3508,Territory A
PRESC3509,Territory B
PRESC3510,Territory C
PRESC3511,Territory A
PRESC3512,Territory B
PRESC3513,Territory C
PRESC3514,Territory A
PRESC3515,Territory B
PRESC3516,Territory C
PRESC3517,Territory A
PRESC3518,Territory B
PRESC3519,Territory C
PRESC3520,Territory A
PRESC3521,Territory B
PRESC3522,Territory C
PRESC3523,Territory A
PRESC3524,Territory B
PRESC3525,Territory C
PRESC3526,Territory A
PRESC3527,Territory B
PRESC3528,Territory C
PRESC3529,Territory A
PRESC3530,Territory B
PRESC3531,Territory C
PRESC3532,Territory A
PRESC3533,Territory B
PRESC3534,Territory C
PRESC3535,Territory B
PRESC3536,Territory C
PRESC3537,Territory A
PRESC3538,Territory B
PRESC3539,Territory C
PRESC3540,Territory A
PRESC3541,Territory B
PRESC3542,Territory C
PRESC3543,Territory A
PRESC3544,Territory B
PRESC3545,Territory C
PRESC3546,Territory A
PRESC3547,Territory B
PRESC3548,Territory C
PRESC3549,Territory A
PRESC3550,Territory B
PRESC3551,Territory C
PRESC3552,Territory A
PRESC3553,Territory B
PRESC3554,Territory C
PRESC3555,Territory A
PRESC3556,Territory B
PRESC3557,Territory C
PRESC3558,Territory A
PRESC3559,Territory B
PRESC3560,Territory C
PRESC3561,Territory A
PRESC3562,Territory B
PRESC3563,Territory C
PRESC3564,Territory A
PRESC3565,Territory B
PRESC3566,Territory C
PRESC3567,Territory A
PRESC3568,Territory B
PRESC3569,Territory C
PRESC3570,Territory A
PRESC3571,Territory B
PRESC3572,Territory C
PRESC3573,Territory A
PRESC3574,Territory B
PRESC3575,Territory C
PRESC3576,Territory A
PRESC3577,Territory B
PRESC3578,Territory C
PRESC3579,Territory A
PRESC3580,Territory B
PRESC3581,Territory C
PRESC3582,Territory A
PRESC3583,Territory B
PRESC3584,Territory C
PRESC3585,Territory A
PRESC3586,Territory B
PRESC3587,Territory C
PRESC3588,Territory A
PRESC3589,Territory B
PRESC3590,Territory C
PRESC3591,Territory A
PRESC3592,Territory B
PRESC3593,Territory C
PRESC3594,Territory A
PRESC3595,Territory B
PRESC3596,Territory C
PRESC3597,Territory A
PRESC3598,Territory B
PRESC3599,Territory C
PRESC3600,Territory A
PRESC3601,Territory B
PRESC3602,Territory C
PRESC3603,Territory A
PRESC3604,Territory B
PRESC3605,Territory C
PRESC3606,Territory A
PRESC3607,Territory B
PRESC3608,Territory C
PRESC3609,Territory A
PRESC3610,Territory B
PRESC3611,Territory C
PRESC3612,Territory A
PRESC3613,Territory B
PRESC3614,Territory C
PRESC3615,Territory A
PRESC3616,Territory B
PRESC3617,Territory C
PRESC3618,Territory A
PRESC3619,Territory B
PRESC3620,Territory C
PRESC3621,Territory A
PRESC3622,Territory B
PRESC3623,Territory C
PRESC3624,Territory A
PRESC3625,Territory B
PRESC3626,Territory C
PRESC3627,Territory A
PRESC3628,Territory B
PRESC3629,Territory C
PRESC3630,Territory A
PRESC3631,Territory B
PRESC3632,Territory C
PRESC3633,Territory A
PRESC3634,Territory B
PRESC3635,Territory C
PRESC3636,Territory A
PRESC3637,Territory B
PRESC3638,Territory C
PRESC3639,Territory A
PRESC3640,Territory B
PRESC3641,Territory C
PRESC3642,Territory A
PRESC3643,Territory B
PRESC3644,Territory C
PRESC3645,Territory A
PRESC3646,Territory B
PRESC3647,Territory C
PRESC3648,Territory A
PRESC3649,Territory B
PRESC3650,Territory C
PRESC3651,Territory A
PRESC3652,Territory B
PRESC3653,Territory C
PRESC3654,Territory A
PRESC3655,Territory B
PRESC3656,Territory C
PRESC3657,Territory A
PRESC3658,Territory B
PRESC3659,Territory C
PRESC3660,Territory A
PRESC3661,Territory B
PRESC3662,Territory C
PRESC3663,Territory A
PRESC3664,Territory B
PRESC3665,Territory C
PRESC3666,Territory A
PRESC3667,Territory B
PRESC3668,Territory C
PRESC3669,Territory A
PRESC3670,Territory B
PRESC3671,Territory C
PRESC3672,Territory A
PRESC3673,Territory B
PRESC3674,Territory C
PRESC3675,Territory A
PRESC3676,Territory B
PRESC3677,Territory C
PRESC3678,Territory A
PRESC3679,Territory B
PRESC3680,Territory C
PRESC3681,Territory A
PRESC3682,Territory B
PRESC3683,Territory C
PRESC3684,Territory A
PRESC3685,Territory B
PRESC3686,Territory C
PRESC3687,Territory A
PRESC3688,Territory B
PRESC3689,Territory C
PRESC3690,Territory A
PRESC3691,Territory B
PRESC3692,Territory C
PRESC3693,Territory A
PRESC3694,Territory B
PRESC3695,Territory C
PRESC3696,Territory A
PRESC3697,Territory B
PRESC3698,Territory C
PRESC3699,Territory A
PRESC3700,Territory B
PRESC3701,Territory C
PRESC3702,Territory A
PRESC3703,Territory B
PRESC3704,Territory C
PRESC3705,Territory A
PRESC3706,Territory B
PRESC3707,Territory C
PRESC3708,Territory A
PRESC3709,Territory B
PRESC3710,Territory C
PRESC3711,Territory A
PRESC3712,Territory B
PRESC3713,Territory C
PRESC3714,Territory A
PRESC3715,Territory B
PRESC3716,Territory C
PRESC3717,Territory A
PRESC3718,Territory B
PRESC3719,Territory C
PRESC3720,Territory A
PRESC3721,Territory B
PRESC3722,Territory C
PRESC3723,Territory A
PRESC3724,Territory B
PRESC3725,Territory C
PRESC3726,Territory B
PRESC3727,Territory C
PRESC3728,Territory A
PRESC3729,Territory B
PRESC3730,Territory C
PRESC3731,Territory A
PRESC3732,Territory B
PRESC3733,Territory C
PRESC3734,Territory A
PRESC3735,Territory B
PRESC3736,Territory C
PRESC3737,Territory A
PRESC3738,Territory B
PRESC3739,Territory C
PRESC3740,Territory A
PRESC3741,Territory B
PRESC3742,Territory C
PRESC3743,Territory A
PRESC3744,Territory B
PRESC3745,Territory C
PRESC3746,Territory A
PRESC3747,Territory B
PRESC3748,Territory C
PRESC3749,Territory A
PRESC3750,Territory B
PRESC3751,Territory C
PRESC3752,Territory A
PRESC3753,Territory B
PRESC3754,Territory C
PRESC3755,Territory A
PRESC3756,Territory B
PRESC3757,Territory C
PRESC3758,Territory A
PRESC3759,Territory B
PRESC3760,Territory C
PRESC3761,Territory A
PRESC3762,Territory B
PRESC3763,Territory C
PRESC3764,Territory A
PRESC3765,Territory B
PRESC3766,Territory C
PRESC3767,Territory A
PRESC3768,Territory B
PRESC3769,Territory C
PRESC3770,Territory A
PRESC3771,Territory B
PRESC3772,Territory C
PRESC3773,Territory A
PRESC3774,Territory B
PRESC3775,Territory C
PRESC3776,Territory A
PRESC3777,Territory B
PRESC3778,Territory C
PRESC3779,Territory A
PRESC3780,Territory B
PRESC3781,Territory C
PRESC3782,Territory A
PRESC3783,Territory B
PRESC3784,Territory C
PRESC3785,Territory A
PRESC3786,Territory B
PRESC3787,Territory C
PRESC3788,Territory A
PRESC3789,Territory B
PRESC3790,Territory C
PRESC3791,Territory A
PRESC3792,Territory B
PRESC3793,Territory C
PRESC3794,Territory A
PRESC3795,Territory B
PRESC3796,Territory C
PRESC3797,Territory A
PRESC3798,Territory B
PRESC3799,Territory C
PRESC3800,Territory A
PRESC3801,Territory B
PRESC3802,Territory C
PRESC3803,Territory A
PRESC3804,Territory B
PRESC3805,Territory C
PRESC3806,Territory A
PRESC3807,Territory B
PRESC3808,Territory C
PRESC3809,Territory A
PRESC3810,Territory B
PRESC3811,Territory C
PRESC3812,Territory A
PRESC3813,Territory B
PRESC3814,Territory C
PRESC3815,Territory A
PRESC3816,Territory B
PRESC3817,Territory C
PRESC3818,Territory A
PRESC3819,Territory B
PRESC3820,Territory C
PRESC3821,Territory A
PRESC3822,Territory B
PRESC3823,Territory C
PRESC3824,Territory A
PRESC3825,Territory B
PRESC3826,Territory C
PRESC3827,Territory A
PRESC3828,Territory B
PRESC3829,Territory C
PRESC3830,Territory A
PRESC3831,Territory B
PRESC3832,Territory C
PRESC3833,Territory A
PRESC3834,Territory B
PRESC3835,Territory C
PRESC3836,Territory A
PRESC3837,Territory B
PRESC3838,Territory C
PRESC3839,Territory A
PRESC3840,Territory B
PRESC3841,Territory C
PRESC3842,Territory A
PRESC3843,Territory B
PRESC3844,Territory C
PRESC3845,Territory A
PRESC3846,Territory B
PRESC3847,Territory C
PRESC3848,Territory A
PRESC3849,Territory B
PRESC3850,Territory C
PRESC3851,Territory A
PRESC3852,Territory B
PRESC3853,Territory C
PRESC3854,Territory A
PRESC3855,Territory B
PRESC3856,Territory C
PRESC3857,Territory A
PRESC3858,Territory B
PRESC3859,Territory C
PRESC3860,Territory A
PRESC3861,Territory B
PRESC3862,Territory C
PRESC3863,Territory A
PRESC3864,Territory B
PRESC3865,Territory C
PRESC3866,Territory A
PRESC3867,Territory B
PRESC3868,Territory C
PRESC3869,Territory A
PRESC3870,Territory B
PRESC3871,Territory C
PRESC3872,Territory A
PRESC3873,Territory B
PRESC3874,Territory C
PRESC3875,Territory A
PRESC3876,Territory B
PRESC3877,Territory C
PRESC3878,Territory A
PRESC3879,Territory B
PRESC3880,Territory C
PRESC3881,Territory A
PRESC3882,Territory B
PRESC3883,Territory C
PRESC3884,Territory A
PRESC3885,Territory B
PRESC3886,Territory C
PRESC3887,Territory A
PRESC3888,Territory B
PRESC3889,Territory C
PRESC3890,Territory A
PRESC3891,Territory B
PRESC3892,Territory C
PRESC3893,Territory A
PRESC3894,Territory B
PRESC3895,Territory C
PRESC3896,Territory A
PRESC3897,Territory B
PRESC3898,Territory C
PRESC3899,Territory A
PRESC3900,Territory B
PRESC3901,Territory C
PRESC3902,Territory A
PRESC3903,Territory B
PRESC3904,Territory C
PRESC3905,Territory A
PRESC3906,Territory B
PRESC3907,Territory C
PRESC3908,Territory A
PRESC3909,Territory B
PRESC3910,Territory C
PRESC3911,Territory A
PRESC3912,Territory B
PRESC3913,Territory C
PRESC3914,Territory A
PRESC3915,Territory B
PRESC3916,Territory C
PRESC3917,Territory B
PRESC3918,Territory C
PRESC3919,Territory A
PRESC3920,Territory B
PRESC3921,Territory C
PRESC3922,Territory A
PRESC3923,Territory B
PRESC3924,Territory C
PRESC3925,Territory A
PRESC3926,Territory B
PRESC3927,Territory C
PRESC3928,Territory A
PRESC3929,Territory B
PRESC3930,Territory C
PRESC3931,Territory A
PRESC3932,Territory B
PRESC3933,Territory C
PRESC3934,Territory A
PRESC3935,Territory B
PRESC3936,Territory C
PRESC3937,Territory A
PRESC3938,Territory B
PRESC3939,Territory C
PRESC3940,Territory A
PRESC3941,Territory B
PRESC3942,Territory C
PRESC3943,Territory A
PRESC3944,Territory B
PRESC3945,Territory C
PRESC3946,Territory A
PRESC3947,Territory B
PRESC3948,Territory C
PRESC3949,Territory A
PRESC3950,Territory B
PRESC3951,Territory C
PRESC3952,Territory A
PRESC3953,Territory B
PRESC3954,Territory C
PRESC3955,Territory A
PRESC3956,Territory B
PRESC3957,Territory C
PRESC3958,Territory A
PRESC3959,Territory B
PRESC3960,Territory C
PRESC3961,Territory A
PRESC3962,Territory B
PRESC3963,Territory C
PRESC3964,Territory A
PRESC3965,Territory B
PRESC3966,Territory C
PRESC3967,Territory A
PRESC3968,Territory B
PRESC3969,Territory C
PRESC3970,Territory A
PRESC3971,Territory B
PRESC3972,Territory C
PRESC3973,Territory A
PRESC3974,Territory B
PRESC3975,Territory C
PRESC3976,Territory A
PRESC3977,Territory B
PRESC3978,Territory C
PRESC3979,Territory A
PRESC3980,Territory B
PRESC3981,Territory C
PRESC3982,Territory A
PRESC3983,Territory B
PRESC3984,Territory C
PRESC3985,Territory A
PRESC3986,Territory B
PRESC3987,Territory C
PRESC3988,Territory A
PRESC3989,Territory B
PRESC3990,Territory C
PRESC3991,Territory A
PRESC3992,Territory B
PRESC3993,Territory C
PRESC3994,Territory A
PRESC3995,Territory B
PRESC3996,Territory C
PRESC3997,Territory A
PRESC3998,Territory B
PRESC3999,Territory C
PRESC4000,Territory A
PRESC4001,Territory B
PRESC4002,Territory C
PRESC4003,Territory A
PRESC4004,Territory B
PRESC4005,Territory C
PRESC4006,Territory A
PRESC4007,Territory B
PRESC4008,Territory C
PRESC4009,Territory A
PRESC4010,Territory B
PRESC4011,Territory C
PRESC4012,Territory A
PRESC4013,Territory B
PRESC4014,Territory C
PRESC4015,Territory A
PRESC4016,Territory B
PRESC4017,Territory C
PRESC4018,Territory A
PRESC4019,Territory B
PRESC4020,Territory C
PRESC4021,Territory A
PRESC4022,Territory B
PRESC4023,Territory C
PRESC4024,Territory A
PRESC4025,Territory B
PRESC4026,Territory C
PRESC4027,Territory A
PRESC4028,Territory B
PRESC4029,Territory C
PRESC4030,Territory A
PRESC4031,Territory B
PRESC4032,Territory C
PRESC4033,Territory A
PRESC4034,Territory B
PRESC4035,Territory C
PRESC4036,Territory A
PRESC4037,Territory B
PRESC4038,Territory C
PRESC4039,Territory A
PRESC4040,Territory B
PRESC4041,Territory C
PRESC4042,Territory A
PRESC4043,Territory B
PRESC4044,Territory C
PRESC4045,Territory A
PRESC4046,Territory B
PRESC4047,Territory C
PRESC4048,Territory A
PRESC4049,Territory B
PRESC4050,Territory C
PRESC4051,Territory A
PRESC4052,Territory B
PRESC4053,Territory C
PRESC4054,Territory A
PRESC4055,Territory B
PRESC4056,Territory C
PRESC4057,Territory A
PRESC4058,Territory B
PRESC4059,Territory C
PRESC4060,Territory A
PRESC4061,Territory B
PRESC4062,Territory C
PRESC4063,Territory A
PRESC4064,Territory B
PRESC4065,Territory C
PRESC4066,Territory A
PRESC4067,Territory B
PRESC4068,Territory C
PRESC4069,Territory A
PRESC4070,Territory B
PRESC4071,Territory C
PRESC4072,Territory A
PRESC4073,Territory B
PRESC4074,Territory C
PRESC4075,Territory A
PRESC4076,Territory B
PRESC4077,Territory C
PRESC4078,Territory A
PRESC4079,Territory B
PRESC4080,Territory C
PRESC4081,Territory A
PRESC4082,Territory B
PRESC4083,Territory C
PRESC4084,Territory A
PRESC4085,Territory B
PRESC4086,Territory C
PRESC4087,Territory A
PRESC4088,Territory B
PRESC4089,Territory C
PRESC4090,Territory A
PRESC4091,Territory B
PRESC4092,Territory C
PRESC4093,Territory A
PRESC4094,Territory B